STATEN ISLAND – COOPERATIVES COMPARABLE PROPERTIES – Boro-Block-Lot,STATEN ISLAND – COOPERATIVES COMPARABLE PROPERTIES – Address,STATEN ISLAND – COOPERATIVES COMPARABLE PROPERTIES – Neighborhood,STATEN ISLAND – COOPERATIVES COMPARABLE PROPERTIES – Building Classification,STATEN ISLAND – COOPERATIVES COMPARABLE PROPERTIES – Total Units,STATEN ISLAND – COOPERATIVES COMPARABLE PROPERTIES – Year Built,STATEN ISLAND – COOPERATIVES COMPARABLE PROPERTIES – Gross SqFt,STATEN ISLAND – COOPERATIVES COMPARABLE PROPERTIES – Est. Gross Income,STATEN ISLAND – COOPERATIVES COMPARABLE PROPERTIES – Gross Income per SqFt,STATEN ISLAND – COOPERATIVES COMPARABLE PROPERTIES – Full Market Value,STATEN ISLAND – COOPERATIVES COMPARABLE PROPERTIES – Market Value per SqFt,COMPARABLE RENTAL – 1 –Boro-Block-Lot,COMPARABLE RENTAL – 1 –Address,COMPARABLE RENTAL – 1 –Neighborhood,COMPARABLE RENTAL – 1 –Building Classification,COMPARABLE RENTAL – 1 –Total Units,COMPARABLE RENTAL – 1 –Year Built,COMPARABLE RENTAL – 1 –Gross SqFt,COMPARABLE RENTAL – 1 –Est. Gross Income,COMPARABLE RENTAL – 1 –Gross Income per SqFt,COMPARABLE RENTAL – 1 –Full Market Value,COMPARABLE RENTAL – 1 –Market Value per SqFt,COMPARABLE RENTAL – 1 –Dist. from Coop in miles,COMPARABLE RENTAL – 2 –Boro-Block-Lot,COMPARABLE RENTAL – 2 –Address,COMPARABLE RENTAL – 2 –Neighborhood,COMPARABLE RENTAL – 2 –Building Classification,COMPARABLE RENTAL – 2 –Total Units,COMPARABLE RENTAL – 2 –Year Built,COMPARABLE RENTAL – 2 –Gross SqFt,COMPARABLE RENTAL – 2 –Est. Gross Income,COMPARABLE RENTAL – 2 –Gross Income per SqFt,COMPARABLE RENTAL – 2 –Full Market Value,COMPARABLE RENTAL – 2 –Market Value per SqFt,COMPARABLE RENTAL – 2 –Dist. from Coop in miles
5-00001-0250,"44 BAY STREET LANDING
Staten Island, NY
(40.63929316733155, -74.07332133724314)",NEW BRIGHTON-ST. GEORGE,D4-ELEVATOR,17,1985,25171,277409,11.02,862000,34.2,5-00014-0001,"167 CARROLL PLACE
Staten Island, NY
(40.64686770349777, -74.08199690754861)",NEW BRIGHTON,C1-WALK-UP,14,1920,13644,149760,10.98,465000,34.1,0.75,5-01015-0001,"137 HEBERTON AVENUE
Staten Island, NY
(40.63677941950782, -74.13131334974379)",PORT RICHMOND,C1-WALK-UP,28,1933,20800,273267,13.14,997000,47.9,3.1
5-00001-0216,"10 BAY STREET LANDING
Staten Island, NY
(40.63818574879054, -74.07333765648139)",NEW BRIGHTON-ST. GEORGE,D0-ELEVATOR,128,1984,171935,1894896,11.02,5890000,34.3,5-00051-0001,"163 JERSEY STREET
Staten Island, NY
(40.64372781749142, -74.08653922598847)",NEW BRIGHTON,D3-ELEVATOR,131,1963,174895,2757971,15.77,6460000,36.9,0.85,5-03157-0001,"1950 CLOVE ROAD
Staten Island, NY
(40.60600405116905, -74.08661513939974)",GRASMERE,D1-ELEVATOR,177,1973,180495,1833563,10.16,4290000,23.77,2.55
5-00101-0525,"515 CASTLETON AVENUE
Staten Island, NY
(40.63421242828656, -74.09983557856941)",WEST NEW BRIGHTON,C6-WALK-UP,16,1950,13114,104007,7.93,268000,20.44,5-00014-0001,"167 CARROLL PLACE
Staten Island, NY
(40.64686770349777, -74.08199690754861)",NEW BRIGHTON,C1-WALK-UP,14,1920,13644,149760,10.98,465000,34.1,1.3,5-03591-0008,"261 LINCOLN AVENUE
Staten Island, NY
(40.576986694649065, -74.1046700516757)",GRANT CITY,C9-WALK-UP,16,1933,12300,347890,28.3,1670000,136,3.9
5-04640-0022,"3745 AMBOY ROAD
Staten Island, NY
(40.55211483039692, -74.14412187507199)",GREAT KILLS,C6-WALK-UP,36,1974,26490,450197,16.99,1780000,67,5-05015-0016,"7 BENTON COURT
Staten Island, NY
(40.55837971702469, -74.13656139884175)",GREAT KILLS-BAY TERRACE,C9-WALK-UP,43,1971,25420,482143,18.97,1910000,75,0.6,5-05016-0005,"25 BAY TERRACE
Staten Island, NY
(40.60667400010499, -74.16240100000613)",GREAT KILLS-BAY TERRACE,C9-WALK-UP,65,1976,43018,711872,16.55,2820000,66,0.5
5-03546-0001,"45 VERA STREET
Staten Island, NY
(40.5846655199337, -74.09703416886231)",GRANT CITY,C6-WALK-UP,118,1969,58350,492224,8.44,1270000,21.77,5-03168-0161,"1000 TARGEE STREET
Staten Island, NY
(40.60461509117981, -74.09113051231361)",GRASMERE,D5-ELEVATOR,98,1972,74260,889533,11.98,3070000,41.3,1.3,,,,,,,,,,,,
5-03191-0061,"1160 RICHMOND ROAD
Staten Island, NY
(40.60667400010499, -74.16240100000613)",DONGAN HILLS,D4-ELEVATOR,71,1969,63600,674077,10.6,2090000,32.9,5-03168-0161,"1000 TARGEE STREET
Staten Island, NY
(40.60461509117981, -74.09113051231361)",GRASMERE,D5-ELEVATOR,98,1972,74260,889533,11.98,3070000,41.3,0.4,,,,,,,,,,,,
5-02925-0450,"295 SKYLINE DRIVE
Staten Island, NY
(40.6130095652697, -74.0789169248592)",CONCORD-FOX HILLS,C6-WALK-UP,11,2000,21865,230389,10.54,716000,32.7,5-03591-0008,"261 LINCOLN AVENUE
Staten Island, NY
(40.576986694649065, -74.1046700516757)",GRANT CITY,C9-WALK-UP,16,1933,12300,347890,28.3,1670000,136,2.75,5-02972-0070,"162 ST MARY'S AVENUE
Staten Island, NY
(40.614004218866334, -74.07255775111317)",ROSEBANK,C7-WALK-UP,11,1931,6875,139000,20.22,604000,88,0.35
5-02925-0479,"46 CIRCLE LOOP
Staten Island, NY
(40.613540506446355, -74.0792470743342)",CONCORD-FOX HILLS,C6-WALK-UP,19,2000,37220,392183,10.54,1220000,32.8,5-03591-0008,"261 LINCOLN AVENUE
Staten Island, NY
(40.576986694649065, -74.1046700516757)",GRANT CITY,C9-WALK-UP,16,1933,12300,347890,28.3,1670000,136,2.75,5-02972-0070,"162 ST MARY'S AVENUE
Staten Island, NY
(40.614004218866334, -74.07255775111317)",ROSEBANK,C7-WALK-UP,11,1931,6875,139000,20.22,604000,88,0.35
5-00597-0120,"556 HOWARD AVENUE
Staten Island, NY
(40.61860692966038, -74.09378346522982)",GRYMES HILL,C6-WALK-UP,128,1951,121750,1088401,8.94,2810000,23.08,5-00590-0001,"700 VICTORY BOULEVARD
Staten Island, NY
(40.625670055825246, -74.09224343694464)",GRYMES HILL,D3-ELEVATOR,228,1962,242500,3225968,13.3,11800000,48.7,0.6,,,,,,,,,,,,
5-00101-0537,"545 CASTLETON AVENUE
Staten Island, NY
(40.63436210493948, -74.10065732208393)",WEST NEW BRIGHTON,C6-WALK-UP,24,1950,17418,138143,7.93,356000,20.44,5-00115-0090,"395 VICTORY BOULEVARD
Staten Island, NY
(40.632670280999676, -74.08683212401286)",TOMPKINSVILLE,C1-WALK-UP,17,1931,17320,138832,8.02,358000,20.67,0.7,5-00522-0034,"20 COURT STREET
Staten Island, NY
(40.62718194384782, -74.08083988122533)",STAPLETON,C9-WALK-UP,16,1941,17240,190592,11.06,592000,34.3,1.2
5-03546-0031,"35 VERA STREET
Staten Island, NY
(40.58481345841429, -74.0968439622444)",GRANT CITY,C6-WALK-UP,20,1969,10000,84357,8.44,218000,21.8,5-03594-0001,"2162 RICHMOND ROAD
Staten Island, NY
(40.60667400010499, -74.16240100000613)",GRANT CITY,C7-WALK-UP,13,1939,10200,157773,15.47,625000,61,0.85,5-04243-0027,"280 BEACH AVENUE
Staten Island, NY
(40.60667400010499, -74.16240100000613)",NEW DORP,C1-WALK-UP,12,1936,10800,137158,12.7,473000,43.8,1.45
5-05090-0035,"3482 AMBOY ROAD
Staten Island, NY
(40.556922389090666, -74.13883201993653)",GREAT KILLS-BAY TERRACE,C6-WALK-UP,108,1977,67000,966140,14.42,3530000,53,5-05460-0001,"4163 AMBOY ROAD
Staten Island, NY
(40.548472372372345, -74.15508930347012)",GREAT KILLS,C9-WALK-UP,24,1973,19200,229905,11.97,793000,41.3,1.1,5-05015-0016,"7 BENTON COURT
Staten Island, NY
(40.55837971702469, -74.13656139884175)",GREAT KILLS-BAY TERRACE,C9-WALK-UP,43,1971,25420,482143,18.97,1910000,75,0.25
5-02833-0031,"20 CLIFF STREET
Staten Island, NY
(40.6111776502839, -74.0606066595655)",ARROCHAR-SHORE ACRES,D4-ELEVATOR,122,1964,146640,1388051,9.47,3960000,27,5-03157-0001,"1950 CLOVE ROAD
Staten Island, NY
(40.60600405116905, -74.08661513939974)",GRASMERE,D1-ELEVATOR,177,1973,180495,1833563,10.16,4290000,23.77,1.55,,,,,,,,,,,,
5-00327-0060,"1100 CLOVE ROAD
Staten Island, NY
(40.619132257145964, -74.10660292523818)",CLOVE LAKES,D4-ELEVATOR,143,1967,127800,1354513,10.6,4210000,32.9,5-02877-0025,"55 BOWEN STREET
Staten Island, NY
(40.614664489608586, -74.0830542384052)",CONCORD-FOX HILLS,D1-ELEVATOR,156,1973,154860,2291762,14.8,5370000,34.7,1.4,,,,,,,,,,,,
5-02986-0012,"390 MARYLAND AVENUE
Staten Island, NY
(40.609357387836525, -74.07361237773283)",ROSEBANK,C6-WALK-UP,178,1974,155396,1232445,7.93,3180000,20.46,5-03157-0001,"1950 CLOVE ROAD
Staten Island, NY
(40.60600405116905, -74.08661513939974)",GRASMERE,D1-ELEVATOR,177,1973,180495,1833563,10.16,4290000,23.77,0.75,,,,,,,,,,,,
5-00101-0554,"581 CASTLETON AVENUE
Staten Island, NY
(40.63458257193235, -74.10193621838208)",WEST NEW BRIGHTON,C6-WALK-UP,12,1950,10856,86099,7.93,222000,20.45,5-00120-0105,"457 VICTORY BOULEVARD
Staten Island, NY
(40.63120242256483, -74.08802665561225)",SILVER LAKE,C1-WALK-UP,12,1931,10560,99656,9.44,284000,26.9,0.65,5-00140-0051,"330 BARD AVENUE
Staten Island, NY
(40.63615311678233, -74.10685217736304)",WEST NEW BRIGHTON,C9-WALK-UP,13,1942,10086,130532,12.94,476000,47.2,0.35
5-00130-0049,"245 FOREST AVENUE
Staten Island, NY
(40.6318297457294, -74.09779985702198)",WEST NEW BRIGHTON,C6-WALK-UP,13,1968,9810,145300,14.81,530000,54,5-00120-0105,"457 VICTORY BOULEVARD
Staten Island, NY
(40.63120242256483, -74.08802665561225)",SILVER LAKE,C1-WALK-UP,12,1931,10560,99656,9.44,284000,26.9,0.5,5-00140-0051,"330 BARD AVENUE
Staten Island, NY
(40.63615311678233, -74.10685217736304)",WEST NEW BRIGHTON,C9-WALK-UP,13,1942,10086,130532,12.94,476000,47.2,0.55
5-05229-0007,"475 ARMSTRONG AVENUE
Staten Island, NY
(40.544976260737215, -74.15778947352781)",GREAT KILLS,C6-WALK-UP,60,1974,38647,596299,15.43,2360000,61,5-05015-0016,"7 BENTON COURT
Staten Island, NY
(40.55837971702469, -74.13656139884175)",GREAT KILLS-BAY TERRACE,C9-WALK-UP,43,1971,25420,482143,18.97,1910000,75,1.45,5-05016-0005,"25 BAY TERRACE
Staten Island, NY
(40.60667400010499, -74.16240100000613)",GREAT KILLS-BAY TERRACE,C9-WALK-UP,65,1976,43018,711872,16.55,2820000,66,1.4
5-00131-0056,"255 FOREST AVENUE
Staten Island, NY
(40.63174299038349, -74.09807881413032)",WEST NEW BRIGHTON,C6-WALK-UP,13,1968,9810,131759,13.43,481000,49,5-00120-0105,"457 VICTORY BOULEVARD
Staten Island, NY
(40.63120242256483, -74.08802665561225)",SILVER LAKE,C1-WALK-UP,12,1931,10560,99656,9.44,284000,26.9,0.55,5-00140-0051,"330 BARD AVENUE
Staten Island, NY
(40.63615311678233, -74.10685217736304)",WEST NEW BRIGHTON,C9-WALK-UP,13,1942,10086,130532,12.94,476000,47.2,0.55
5-00593-0680,"151 ARLO ROAD
Staten Island, NY
(40.619607564842234, -74.0947917040224)",GRYMES HILL,C6-WALK-UP,24,1951,28600,423606,14.81,1550000,54,5-01015-0001,"137 HEBERTON AVENUE
Staten Island, NY
(40.63677941950782, -74.13131334974379)",PORT RICHMOND,C1-WALK-UP,28,1933,20800,273267,13.14,997000,47.9,2.2,5-00115-0090,"395 VICTORY BOULEVARD
Staten Island, NY
(40.632670280999676, -74.08683212401286)",TOMPKINSVILLE,C1-WALK-UP,17,1931,17320,138832,8.02,358000,20.67,0.85
5-02925-0432,"361 SKYLINE DRIVE
Staten Island, NY
(40.612546177166195, -74.0800538318982)",CONCORD-FOX HILLS,C6-WALK-UP,11,1999,21780,229493,10.54,713000,32.7,5-03591-0008,"261 LINCOLN AVENUE
Staten Island, NY
(40.576986694649065, -74.1046700516757)",GRANT CITY,C9-WALK-UP,16,1933,12300,347890,28.3,1670000,136,2.75,,,,,,,,,,,,
5-00138-0119,"154 BARD AVENUE
Staten Island, NY
(40.64077829151043, -74.10872773579793)",LIVINGSTON,C6-WALK-UP,60,1947,36600,385650,10.54,1560000,42.6,5-01015-0001,"137 HEBERTON AVENUE
Staten Island, NY
(40.63677941950782, -74.13131334974379)",PORT RICHMOND,C1-WALK-UP,28,1933,20800,273267,13.14,997000,47.9,1.2,5-00140-0051,"330 BARD AVENUE
Staten Island, NY
(40.63615311678233, -74.10685217736304)",WEST NEW BRIGHTON,C9-WALK-UP,13,1942,10086,130532,12.94,476000,47.2,0.35
5-00327-0015,"1000 CLOVE ROAD
Staten Island, NY
(40.62062459750375, -74.11004923122906)",CLOVE LAKES,D4-ELEVATOR,143,1966,127800,1354513,10.6,4210000,32.9,5-02877-0025,"55 BOWEN STREET
Staten Island, NY
(40.614664489608586, -74.0830542384052)",CONCORD-FOX HILLS,D1-ELEVATOR,156,1973,154860,2291762,14.8,5370000,34.7,1.4,,,,,,,,,,,,
