QUEENS CONDOMINIUM PROPERTY Boro-Block-Lot,QUEENS CONDOMINIUM PROPERTY Condo Section,QUEENS CONDOMINIUM PROPERTY Address,QUEENS CONDOMINIUM PROPERTY Neighborhood,QUEENS CONDOMINIUM PROPERTY Building Classification,QUEENS CONDOMINIUM PROPERTY Total Units,QUEENS CONDOMINIUM PROPERTY Year Built,QUEENS CONDOMINIUM PROPERTY Gross SqFt,QUEENS CONDOMINIUM PROPERTY Est. Gross Income,QUEENS CONDOMINIUM PROPERTY Gross Income per SqFt,QUEENS CONDOMINIUM PROPERTY Full Market Value,QUEENS CONDOMINIUM PROPERTY Market Value per SqFt, COMPARABLE RENTAL 1 Boro-Block-Lot,COMPARABLE RENTAL 1 Address,COMPARABLE RENTAL 1  Neighborhood,COMPARABLE RENTAL 1  Building Classification,COMPARABLE RENTAL 1  Total Units,COMPARABLE RENTAL 1  Year Built,COMPARABLE RENTAL 1  Gross SqFt,COMPARABLE RENTAL 1  Est. Gross Income,COMPARABLE RENTAL 1  Gross Income per SqFt,COMPARABLE RENTAL 1 Full Market Value,COMPARABLE RENTAL 1  Market Value per SqFt,COMPARABLE RENTAL 1  Dist. from Coop in miles,COMPARABLE RENTAL 2  Boro-Block-Lot,COMPARABLE RENTAL 2  Address,COMPARABLE RENTAL 2  Neighborhood,COMPARABLE RENTAL 2  Building Classification,COMPARABLE RENTAL 2  Total Units,COMPARABLE RENTAL 2  Year Built,COMPARABLE RENTAL 2  Gross SqFt,COMPARABLE RENTAL 2  Est. Gross Income,COMPARABLE RENTAL 2  Gross Income per SqFt,COMPARABLE RENTAL 2  Full Market Value,COMPARABLE RENTAL 2  Market Value per SqFt,COMPARABLE RENTAL 2  Dist. from Coop in miles
4-00030-7501,558-R1,5-09 48 AVENUE,LONG ISLAND CITY,R4-ELEVATOR,121,2007,113450,3403500,30,16300001,144,4-00021-0070,47-25 CENTER BOULEVARD,LONG ISLAND CITY,D8-ELEVATOR,495,2007,460000,15848601,34.5,75900000,165,0.15,,,,,,,,,,,,
4-00031-7501,478-R1,5-15 49 AVENUE,LONG ISLAND CITY,R2-WALK-UP,47,2005,62866,1885980,30,9030002,144,4-00575-0029,27-37 27 STREET,ASTORIA,D3-ELEVATOR,30,1970,30572,574284,18.78,2270000,74,2.4,4-00040-0015,10-28 JACKSON AVENUE,LONG ISLAND CITY,D9-ELEVATOR,25,2005,24464,559719,22.88,2430000,99,0.2
4-00032-7501,487-R1,5-03 50 AVENUE,LONG ISLAND CITY,R4-ELEVATOR,13,2006,18375,413437,22.5,1800000,98,4-00040-0015,10-28 JACKSON AVENUE,LONG ISLAND CITY,D9-ELEVATOR,25,2005,24464,559719,22.88,2430000,99,0.15,4-00531-0059,14-56 31 DRIVE,ASTORIA,D6-ELEVATOR,63,2001,61700,1362613,22.08,5920000,96,2
4-00047-7501,542-R1,10-55 47 AVENUE,LONG ISLAND CITY,R4-ELEVATOR,43,2007,58500,1579500,27,7579996,130,4-09760-0022,90-05 161 STREET,JAMAICA,D6-ELEVATOR,96,2003,54496,1451036,26.6,6300000,116,8.5,4-00040-0015,10-28 JACKSON AVENUE,LONG ISLAND CITY,D9-ELEVATOR,25,2005,24464,559719,22.88,2430000,99,0.25
4-00057-7501,488-R1,13-15 JACKSON AVENUE,LONG ISLAND CITY,R4-ELEVATOR,54,2006,60623,1818690,30,8709996,144,4-00575-0029,27-37 27 STREET,ASTORIA,D3-ELEVATOR,30,1970,30572,574284,18.78,2270000,74,2.2,4-00021-0070,47-25 CENTER BOULEVARD,LONG ISLAND CITY,D8-ELEVATOR,495,2007,460000,15848601,34.5,75900000,165,0.4
4-00082-7501,484-R1,27-28 THOMSON AVENUE,LONG ISLAND CITY,R4-ELEVATOR,237,1920,310173,6203460,20,26900004,87,4-00139-0035,43-34 49 STREET,SUNNYSIDE,D1-ELEVATOR,72,1927,53000,966084,18.23,3820000,72,1.35,4-00153-0012,45-35 46 STREET,SUNNYSIDE,D1-ELEVATOR,45,1927,33078,606609,18.34,2400000,73,1.25
4-00134-7501,498-R1,49-07 43 AVENUE,SUNNYSIDE,R4-ELEVATOR,15,2005,15610,312200,20,1360012,87,4-00040-0015,10-28 JACKSON AVENUE,LONG ISLAND CITY,D9-ELEVATOR,25,2005,24464,559719,22.88,2430000,99,2,4-00531-0059,14-56 31 DRIVE,ASTORIA,D6-ELEVATOR,63,2001,61700,1362613,22.08,5920000,96,1.7
4-00158-7501,553-R1,41-32 44 STREET,SUNNYSIDE,R4-ELEVATOR,39,2006,25035,525735,21,2280001,91,4-00040-0015,10-28 JACKSON AVENUE,LONG ISLAND CITY,D9-ELEVATOR,25,2005,24464,559719,22.88,2430000,99,1.7,4-00531-0059,14-56 31 DRIVE,ASTORIA,D6-ELEVATOR,63,2001,61700,1362613,22.08,5920000,96,1.5
4-00159-7501,93-R1,41-21 42 STREET,SUNNYSIDE,R4-ELEVATOR,52,1936,54986,659832,12,2279995,41.5,4-00184-0023,41-08 42 STREET,SUNNYSIDE,D1-ELEVATOR,60,1937,64505,688455,10.67,2140000,33.2,0.05,4-00184-0029,41-22 42 STREET,SUNNYSIDE,D1-ELEVATOR,60,1937,61770,808467,13.09,2790000,45.2,0.05
4-00159-7502,92-R1,41-07 42 STREET,SUNNYSIDE,R4-ELEVATOR,60,1936,58926,707112,12,2439995,41.4,4-00163-0014,43-23 42 STREET,SUNNYSIDE,D1-ELEVATOR,60,1942,61320,668943,10.91,2080000,33.9,0.1,4-00160-0018,43-15 45 STREET,SUNNYSIDE,D1-ELEVATOR,52,1931,43050,580030,13.47,2120000,49.2,0.2
4-00160-7501,308-R1,43-30 BEACH 46 STREET,SUNNYSIDE,R4-ELEVATOR,93,1930,69337,901381,13,3289971,47.4,4-00184-0029,41-22 42 STREET,SUNNYSIDE,D1-ELEVATOR,60,1937,61770,808467,13.09,2790000,45.2,0.25,4-00189-0019,43-09 40 STREET,SUNNYSIDE,D1-ELEVATOR,77,1932,66714,982827,14.73,3590000,54,0.25
4-00161-7501,335-R1,43-42 45 STREET,SUNNYSIDE,R9-CONDOPS,88,1936,70260,948510,13.5,3370000,48,4-00160-0018,43-15 45 STREET,SUNNYSIDE,D1-ELEVATOR,52,1931,43050,580030,13.47,2120000,49.2,0.05,4-00158-0038,41-44 44 STREET,SUNNYSIDE,D1-ELEVATOR,94,1930,71490,921749,12.89,3360000,47,0.1
4-00184-7501,167-R1,41-09 41 STREET,SUNNYSIDE,R4-ELEVATOR,64,1938,59920,838880,14,3059994,51,4-00184-0029,41-22 42 STREET,SUNNYSIDE,D1-ELEVATOR,60,1937,61770,808467,13.09,2790000,45.2,0,4-00189-0014,43-23 40 STREET,SUNNYSIDE,D1-ELEVATOR,74,1930,52000,752826,14.48,2750000,53,0.1
4-00192-7501,560-R1,41-02 QUEENS BOULEVARD,SUNNYSIDE,R4-ELEVATOR,31,2006,32825,984750,30,4719991,144,4-00040-0015,10-28 JACKSON AVENUE,LONG ISLAND CITY,D9-ELEVATOR,25,2005,24464,559719,22.88,2430000,99,1.55,4-03169-0021,99-22 67 ROAD,REGO PARK,D3-ELEVATOR,29,2001,22662,584508,25.8,2540000,112,3.85
4-00196-7501,286-R1,47-35 41 STREET,SUNNYSIDE,R4-ELEVATOR,30,1988,27636,607992,22,2640005,96,4-01304-0021,40-19 72 STREET,ELMHURST,D1-ELEVATOR,50,1965,30618,626917,20.48,2720000,89,1.65,4-03166-0067,68-12 AUSTIN STREET,REGO PARK,D7-ELEVATOR,17,1998,16949,389827,23,1690000,100,3.85
4-00199-7501,97-R1,47-55 39 PLACE,SUNNYSIDE,R4-ELEVATOR,47,1939,42000,546000,13,1990002,47.4,4-00193-0055,45-54 41 STREET,SUNNYSIDE,D9-ELEVATOR,50,1936,44600,573062,12.85,1980000,44.4,0.15,4-00199-0052,47-46 40 STREET,SUNNYSIDE,D1-ELEVATOR,55,1939,50400,654858,12.99,2390000,47.4,0
4-00267-7501,518-R1,44-27 PURVIS STREET,LONG ISLAND CITY,R4-ELEVATOR,64,2006,64957,1688882,26,7330000,113,4-00040-0015,10-28 JACKSON AVENUE,LONG ISLAND CITY,D9-ELEVATOR,25,2005,24464,559719,22.88,2430000,99,0.7,,,,,,,,,,,,
4-00414-7501,566-R1,24-15 QUEENS PLAZA NORTH,LONG ISLAND CITY,R4-ELEVATOR,39,1931,52053,806821,15.5,3190001,61,4-00341-0021,35-03 29 STREET,LONG ISLAND CITY,D1-ELEVATOR,48,1940,35568,515453,14.49,1880000,53,0.65,4-00190-0025,43-08 40 STREET,SUNNYSIDE,D1-ELEVATOR,71,1931,53000,720858,13.6,2630000,49.6,0.95
4-00415-7501,475-R1,41-26 27 STREET,LONG ISLAND CITY,R4-ELEVATOR,66,0,66590,2064290,31,9890000,149,4-00021-0070,47-25 CENTER BOULEVARD,LONG ISLAND CITY,D8-ELEVATOR,495,2007,460000,15848601,34.5,75900000,165,1.05,4-09760-0022,90-05 161 STREET,JAMAICA,D6-ELEVATOR,96,2003,54496,1451036,26.6,6300000,116,8
4-00416-7501,533-R1,27-16 41 AVENUE,LONG ISLAND CITY,R4-ELEVATOR,26,2005,25938,674388,26,2930007,113,4-00531-0059,14-56 31 DRIVE,ASTORIA,D6-ELEVATOR,63,2001,61700,1362613,22.08,5920000,96,1.1,4-00040-0015,10-28 JACKSON AVENUE,LONG ISLAND CITY,D9-ELEVATOR,25,2005,24464,559719,22.88,2430000,99,0.95
4-00432-7501,513-R1,42-51 HUNTER STREET,LONG ISLAND CITY,R4-ELEVATOR,25,2007,40529,0,0,3220008,79,4-00040-0015,10-28 JACKSON AVENUE,LONG ISLAND CITY,D9-ELEVATOR,25,2005,24464,559719,22.88,2430000,99,0.75,4-00531-0059,14-56 31 DRIVE,ASTORIA,D6-ELEVATOR,63,2001,61700,1362613,22.08,5920000,96,1.3
4-00504-7501,466-R1,30-85 VERNON BOULEVARD,ASTORIA,R4-ELEVATOR,73,2006,71589,1360191,19,5379992,75,4-00884-0012,25-63 22 STREET,ASTORIA,D1-ELEVATOR,73,1991,72000,1512000,21,3540000,49.2,0.55,4-00531-0059,14-56 31 DRIVE,ASTORIA,D6-ELEVATOR,63,2001,61700,1362613,22.08,5920000,96,0.25
4-00531-7501,529-R1,14-25 BROADWAY,ASTORIA,R4-ELEVATOR,11,2006,6920,159160,23,691005,100,4-00040-0015,10-28 JACKSON AVENUE,LONG ISLAND CITY,D9-ELEVATOR,25,2005,24464,559719,22.88,2430000,99,2,4-01285-0065,37-54 75 STREET,JACKSON HEIGHTS,C7-WALK-UP,17,1964,9380,199852,21.31,868000,93,2.5
4-00534-7501,514-R1,30-80 21 STREET,ASTORIA,R4-ELEVATOR,29,2006,24480,563040,23,2440000,100,4-00531-0059,14-56 31 DRIVE,ASTORIA,D6-ELEVATOR,63,2001,61700,1362613,22.08,5920000,96,0.2,4-00040-0015,10-28 JACKSON AVENUE,LONG ISLAND CITY,D9-ELEVATOR,25,2005,24464,559719,22.88,2430000,99,2.15
4-00539-7501,448-R1,14-43 28 AVENUE,ASTORIA,R4-ELEVATOR,57,2006,19588,372172,19,1470004,75,4-03169-0021,99-22 67 ROAD,REGO PARK,D3-ELEVATOR,29,2001,22662,584508,25.8,2540000,112,5.1,4-00839-0007,28-21 ASTORIA BOULEVARD,ASTORIA,D7-ELEVATOR,26,2004,38750,728000,18.79,2880000,74,0.4
4-00541-7501,490-R1,18-10 27 AVENUE,ASTORIA,R9-CONDOPS,18,2005,18833,414326,22,1750000,93,4-03169-0021,99-22 67 ROAD,REGO PARK,D3-ELEVATOR,29,2001,22662,584508,25.8,2540000,112,5.1,4-00839-0007,28-21 ASTORIA BOULEVARD,ASTORIA,D7-ELEVATOR,26,2004,38750,728000,18.79,2880000,74,0.35
4-00549-7501,568-R1,21-24 30 AVENUE,ASTORIA,R4-ELEVATOR,27,2006,30386,729264,24,3169995,104,4-00040-0015,10-28 JACKSON AVENUE,LONG ISLAND CITY,D9-ELEVATOR,25,2005,24464,559719,22.88,2430000,99,2.3,4-03169-0021,99-22 67 ROAD,REGO PARK,D3-ELEVATOR,29,2001,22662,584508,25.8,2540000,112,4.95
4-00570-7501,535-R1,23-23 31 AVENUE,ASTORIA,R4-ELEVATOR,30,0,26598,691548,26,2999999,113,4-00040-0015,10-28 JACKSON AVENUE,LONG ISLAND CITY,D9-ELEVATOR,25,2005,24464,559719,22.88,2430000,99,2.15,4-03169-0021,99-22 67 ROAD,REGO PARK,D3-ELEVATOR,29,2001,22662,584508,25.8,2540000,112,4.85
4-00571-7501,198-R1,23-22 30 ROAD,ASTORIA,R4-ELEVATOR,85,1932,61600,1108800,18,4389997,71,4-00587-0018,32-35 30 STREET,ASTORIA,C1-WALK-UP,86,1928,58000,973992,16.79,3860000,67,0.45,4-00578-0006,25-21 31 AVENUE,ASTORIA,C1-WALK-UP,101,1926,49386,1115706,22.59,4840000,98,0.15
4-00573-7501,565-R1,25-25 NEWTOWN AVENUE,ASTORIA,R4-ELEVATOR,30,2006,18292,475592,26,2070000,113,4-00040-0015,10-28 JACKSON AVENUE,LONG ISLAND CITY,D9-ELEVATOR,25,2005,24464,559719,22.88,2430000,99,2.5,4-00573-0046,27-10 ASTORIA BOULEVARD,ASTORIA,D7-ELEVATOR,27,2004,25920,511862,19.75,2220000,86,0
4-00576-7501,136-R1,30-06 30 AVENUE,ASTORIA,R9-CONDOPS,88,1937,67704,1083264,16,4160000,61,4-00587-0018,32-35 30 STREET,ASTORIA,C1-WALK-UP,86,1928,58000,973992,16.79,3860000,67,0.5,4-00578-0006,25-21 31 AVENUE,ASTORIA,C1-WALK-UP,101,1926,49386,1115706,22.59,4840000,98,0.15
4-00577-7501,87-R1,30-44 29 STREET,ASTORIA,R4-ELEVATOR,125,1963,99600,1792800,18,7099985,71,4-00567-0007,23-35 BROADWAY,ASTORIA,D9-ELEVATOR,74,1963,79950,1441541,18.03,5710000,71,0.3,4-00908-0001,8-15 27 AVENUE,ASTORIA,D1-ELEVATOR,128,1969,112482,2234976,19.87,5230000,46.5,0.65
4-00579-7502,224-R1,25-10 31 AVENUE,ASTORIA,R4-ELEVATOR,74,1950,55000,770000,14,2810000,51,4-00577-0056,30-60 29 STREET,ASTORIA,D1-ELEVATOR,76,1929,55375,964399,17.42,3820000,69,0.2,4-00576-0036,27-10 30 AVENUE,ASTORIA,D1-ELEVATOR,66,1963,50850,755100,14.85,2760000,54,0.3
4-00807-7501,358-R1,21-81 38 STREET,ASTORIA,R9-CONDOPS,32,0,34650,554400,16,2130000,61,4-00573-0046,27-10 ASTORIA BOULEVARD,ASTORIA,D7-ELEVATOR,27,2004,25920,511862,19.75,2220000,86,0.95,,,,,,,,,,,,
4-00830-7501,197-R1,21-05 33 STREET,ASTORIA,R9-CONDOPS,618,1932,430000,6665000,15.5,25600000,60,4-00566-0001,32-16 33 AVENUE,ASTORIA,D1-ELEVATOR,66,1930,46050,688371,14.95,2510000,55,1.4,4-00620-0051,25-74 33 STREET,ASTORIA,D1-ELEVATOR,60,1931,46584,630148,13.53,2300000,49.4,0.7
4-00904-7501,375-R1,25-54 12 STREET,ASTORIA,R4-ELEVATOR,32,0,17250,345000,20,1500003,87,4-00573-0046,27-10 ASTORIA BOULEVARD,ASTORIA,D7-ELEVATOR,27,2004,25920,511862,19.75,2220000,86,0.5,4-00598-0018,26-39 30 STREET,ASTORIA,C1-WALK-UP,14,1999,10000,197425,19.74,857000,86,0.65
4-00905-7501,319-R1,25-40 SHORE BOULEVARD,ASTORIA,R4-ELEVATOR,405,0,372700,6335900,17,25100002,67,4-00908-0001,8-15 27 AVENUE,ASTORIA,D1-ELEVATOR,128,1969,112482,2234976,19.87,5230000,46.5,0.1,4-00903-0007,26-45 9 STREET,ASTORIA,D1-ELEVATOR,108,1972,131250,2238233,17.05,8860000,68,0.1
4-00946-7501,100-R1,19-90 78 STREET,JACKSON HEIGHTS,R2-WALK-UP,16,1929,14361,186693,13,680998,47.4,4-01249-0033,76-09 34 AVENUE,JACKSON HEIGHTS,D3-ELEVATOR,96,1937,100890,1132369,11.22,3520000,34.9,1.2,4-01273-0001,73-12 35 AVENUE,JACKSON HEIGHTS,D1-ELEVATOR,195,1940,194450,2643542,13.59,9650000,49.6,1.5
4-00946-7501,100-R2,78-03 19 DRIVE,JACKSON HEIGHTS,R2-WALK-UP,150,1929,134944,1754272,13,6399976,47.4,4-01249-0033,76-09 34 AVENUE,JACKSON HEIGHTS,D3-ELEVATOR,96,1937,100890,1132369,11.22,3520000,34.9,1.2,4-01273-0001,73-12 35 AVENUE,JACKSON HEIGHTS,D1-ELEVATOR,195,1940,194450,2643542,13.59,9650000,49.6,1.5
4-00946-7501,100-R3,19-69 79 STREET,JACKSON HEIGHTS,R2-WALK-UP,70,1929,63140,820820,13,3000003,47.5,4-01249-0033,76-09 34 AVENUE,JACKSON HEIGHTS,D3-ELEVATOR,96,1937,100890,1132369,11.22,3520000,34.9,1.2,4-01273-0001,73-12 35 AVENUE,JACKSON HEIGHTS,D1-ELEVATOR,195,1940,194450,2643542,13.59,9650000,49.6,1.5
4-00946-7501,100-R4,19-35 80 STREET,AIRPORT LA GUARDIA,R2-WALK-UP,34,1929,31445,408785,13,1490004,47.4,4-01249-0033,76-09 34 AVENUE,JACKSON HEIGHTS,D3-ELEVATOR,96,1937,100890,1132369,11.22,3520000,34.9,1.25,4-01273-0001,73-12 35 AVENUE,JACKSON HEIGHTS,D1-ELEVATOR,195,1940,194450,2643542,13.59,9650000,49.6,1.55
4-00946-7501,100-R5,76-03 DITMARS BOULEVARD,JACKSON HEIGHTS,R2-WALK-UP,48,1929,39804,517452,13,1890000,47.5,4-01249-0033,76-09 34 AVENUE,JACKSON HEIGHTS,D3-ELEVATOR,96,1937,100890,1132369,11.22,3520000,34.9,1.05,4-01273-0001,73-12 35 AVENUE,JACKSON HEIGHTS,D1-ELEVATOR,195,1940,194450,2643542,13.59,9650000,49.6,1.35
4-00946-7501,100-R6,77-03 DITMARS BOULEVARD,JACKSON HEIGHTS,R2-WALK-UP,92,1929,83680,1087840,13,3970025,47.4,4-01249-0033,76-09 34 AVENUE,JACKSON HEIGHTS,D3-ELEVATOR,96,1937,100890,1132369,11.22,3520000,34.9,1.1,4-01273-0001,73-12 35 AVENUE,JACKSON HEIGHTS,D1-ELEVATOR,195,1940,194450,2643542,13.59,9650000,49.6,1.35
4-00946-7501,100-R7,21-59 78 STREET,JACKSON HEIGHTS,R2-WALK-UP,70,1929,58333,758329,13,2770001,47.5,4-01249-0033,76-09 34 AVENUE,JACKSON HEIGHTS,D3-ELEVATOR,96,1937,100890,1132369,11.22,3520000,34.9,1.1,4-01273-0001,73-12 35 AVENUE,JACKSON HEIGHTS,D1-ELEVATOR,195,1940,194450,2643542,13.59,9650000,49.6,1.35
4-00946-7501,100-R8,22-35 75 STREET,JACKSON HEIGHTS,R2-WALK-UP,75,1929,64422,837486,13,3059996,47.5,4-01249-0033,76-09 34 AVENUE,JACKSON HEIGHTS,D3-ELEVATOR,96,1937,100890,1132369,11.22,3520000,34.9,0.95,4-01273-0001,73-12 35 AVENUE,JACKSON HEIGHTS,D1-ELEVATOR,195,1940,194450,2643542,13.59,9650000,49.6,1.2
4-00946-7501,100-R9,22-31 76 STREET,JACKSON HEIGHTS,R2-WALK-UP,204,1929,174093,2263209,13,8260032,47.4,4-01249-0033,76-09 34 AVENUE,JACKSON HEIGHTS,D3-ELEVATOR,96,1937,100890,1132369,11.22,3520000,34.9,0.95,4-01273-0001,73-12 35 AVENUE,JACKSON HEIGHTS,D1-ELEVATOR,195,1940,194450,2643542,13.59,9650000,49.6,1.2
4-01010-7501,73-R1,22-10 79 STREET,JACKSON HEIGHTS,R2-WALK-UP,257,1952,254910,3441285,13.5,12599977,49.4,4-01249-0018,33-24 77 STREET,JACKSON HEIGHTS,D3-ELEVATOR,216,1951,176000,2498202,14.19,9120000,52,0.95,4-01273-0001,73-12 35 AVENUE,JACKSON HEIGHTS,D1-ELEVATOR,195,1940,194450,2643542,13.59,9650000,49.6,1.25
4-01263-7501,96-R1,76-15 35 AVENUE,JACKSON HEIGHTS,R4-ELEVATOR,96,1939,128050,1728675,13.5,6309981,49.3,4-01261-0035,74-15 35 AVENUE,JACKSON HEIGHTS,D1-ELEVATOR,97,1935,97170,1062405,10.93,3300000,34,0.1,4-01468-0001,94-02 35 AVENUE,JACKSON HEIGHTS,D1-ELEVATOR,144,1934,111648,1521474,13.63,5550000,49.7,0.9
4-01266-7501,95-R1,79-15 35 AVENUE,JACKSON HEIGHTS,R4-ELEVATOR,41,1939,50996,637450,12.5,2199996,43.1,4-01275-0061,35-15 75 STREET,JACKSON HEIGHTS,D1-ELEVATOR,59,1939,60000,714042,11.9,2460000,41,0.25,4-01260-0016,34-20 74 STREET,JACKSON HEIGHTS,D1-ELEVATOR,65,1937,66138,896504,13.56,3270000,49.4,0.3
4-01267-7501,602-R1,80-09 35 AVENUE,JACKSON HEIGHTS,R4-ELEVATOR,96,1942,120000,1260000,10.5,3910000,32.6,4-01290-0061,37-27 79 STREET,JACKSON HEIGHTS,C1-WALK-UP,23,1927,32200,345730,10.74,1070000,33.2,0.3,4-01290-0067,37-15 79 STREET,JACKSON HEIGHTS,C1-WALK-UP,23,1927,32200,345221,10.72,1070000,33.2,0.3
4-01268-7501,126-R1,34-44 82 STREET,JACKSON HEIGHTS,R4-ELEVATOR,52,1937,66083,898728,13.6,3280004,49.6,4-01260-0016,34-20 74 STREET,JACKSON HEIGHTS,D1-ELEVATOR,65,1937,66138,896504,13.56,3270000,49.4,0.4,4-01275-0061,35-15 75 STREET,JACKSON HEIGHTS,D1-ELEVATOR,59,1939,60000,714042,11.9,2460000,41,0.35
4-01270-7501,83-R1,35-20 LEVERICH STREET,JACKSON HEIGHTS,R4-ELEVATOR,214,1964,214300,3214500,15,11700004,55,4-01249-0018,33-24 77 STREET,JACKSON HEIGHTS,D3-ELEVATOR,216,1951,176000,2498202,14.19,9120000,52,0.4,4-01274-0001,74-10 35 AVENUE,JACKSON HEIGHTS,D3-ELEVATOR,217,1954,147000,2402638,16.34,9510000,65,0.2
4-01277-7501,66-R1,35-50 78 STREET,JACKSON HEIGHTS,R4-ELEVATOR,57,1937,64010,896140,14,3270010,51,4-01275-0061,35-15 75 STREET,JACKSON HEIGHTS,D1-ELEVATOR,59,1939,60000,714042,11.9,2460000,41,0.1,4-02214-0040,107-19 70 AVENUE,FOREST HILLS,D1-ELEVATOR,67,1938,61700,792199,12.84,2730000,44.2,2.95
4-01307-7501,279-R1,41-14 68 STREET,WOODSIDE,R2-WALK-UP,16,1986,15633,281394,18,1109997,71,4-01606-0052,40-37 97 STREET,CORONA,C1-WALK-UP,16,1990,12304,215496,17.51,853000,69,1.6,4-01317-0074,54-01 ROOSEVELT AVENUE,WOODSIDE,C7-WALK-UP,15,1961,9800,209535,21.38,910000,93,0.65
4-01310-7501,211-R1,41-28 71 STREET,ELMHURST,R2-WALK-UP,16,1988,12682,164866,13,601996,47.5,4-01505-0076,40-23 ITHACA STREET,ELMHURST,D1-ELEVATOR,21,1991,19250,264422,13.74,965000,50,0.7,4-00945-0030,19-62 77 STREET,JACKSON HEIGHTS,C1-WALK-UP,17,1989,12896,210651,16.33,834000,65,1.95
4-01310-7503,387-R1,41-58 71 STREET,ELMHURST,R4-ELEVATOR,20,1991,16000,224000,14,817997,51,4-01505-0076,40-23 ITHACA STREET,ELMHURST,D1-ELEVATOR,21,1991,19250,264422,13.74,965000,50,0.7,4-01332-0026,58-23 43 AVENUE,WOODSIDE,D1-ELEVATOR,35,1990,29636,554569,18.71,2200000,74,0.6
4-01312-7501,287-R1,41-58 73 STREET,ELMHURST,R2-WALK-UP,12,1987,7591,117660,15.5,465999,61,4-01606-0052,40-37 97 STREET,CORONA,C1-WALK-UP,16,1990,12304,215496,17.51,853000,69,1.35,4-00945-0030,19-62 77 STREET,JACKSON HEIGHTS,C1-WALK-UP,17,1989,12896,210651,16.33,834000,65,1.95
4-01336-7501,344-R1,61-20 WOODSIDE AVENUE,WOODSIDE,R2-WALK-UP,68,0,45000,630000,14,2299996,51,4-01376-0032,26-49 96 STREET,EAST ELMHURST,C1-WALK-UP,84,1927,56584,718612,12.7,2480000,43.8,2,,,,,,,,,,,,
4-01337-7501,116-R1,62-10 WOODSIDE AVENUE,WOODSIDE,R4-ELEVATOR,63,1986,62254,1058318,17,4189998,67,4-02324-0035,44-20 63 STREET,WOODSIDE,D9-ELEVATOR,78,1982,58000,1297398,22.37,3040000,52,0.25,4-01286-0058,37-50 76 STREET,JACKSON HEIGHTS,D7-ELEVATOR,64,1974,47392,681041,14.37,2490000,53,0.7
4-01337-7502,483-R1,41-52 63 STREET,WOODSIDE,R4-ELEVATOR,24,2005,20298,405960,20,1759999,87,4-01332-0026,58-23 43 AVENUE,WOODSIDE,D1-ELEVATOR,35,1990,29636,554569,18.71,2200000,74,0.2,4-00040-0015,10-28 JACKSON AVENUE,LONG ISLAND CITY,D9-ELEVATOR,25,2005,24464,559719,22.88,2430000,99,2.65
4-01337-7503,504-R1,40 BEACH 62 STREET,WOODSIDE,R4-ELEVATOR,28,2005,19625,392500,20,1700000,87,4-01332-0026,58-23 43 AVENUE,WOODSIDE,D1-ELEVATOR,35,1990,29636,554569,18.71,2200000,74,0.2,4-00040-0015,10-28 JACKSON AVENUE,LONG ISLAND CITY,D9-ELEVATOR,25,2005,24464,559719,22.88,2430000,99,2.65
4-01349-7501,550-R1,69-07 43 AVENUE,ELMHURST,R4-ELEVATOR,30,0,22926,733632,32,3510005,153,4-05015-0006,37-15 PARSONS BOULEVARD,FLUSHING-NORTH,D1-ELEVATOR,37,1963,26522,347438,13.1,1270000,47.9,4.1,,,,,,,,,,,,
4-01433-7501,64-R1,85-11 34 AVENUE,JACKSON HEIGHTS,R4-ELEVATOR,89,1951,73800,996300,13.5,3640008,49.3,4-01445-0034,84-09 35 AVENUE,JACKSON HEIGHTS,D1-ELEVATOR,84,1947,80754,1207426,14.95,4410000,55,0.15,4-01446-0033,85-05 35 AVENUE,JACKSON HEIGHTS,D1-ELEVATOR,90,1952,83238,980379,11.78,3380000,40.6,0.15
4-01443-7501,99-R1,34-20 83 STREET,JACKSON HEIGHTS,R4-ELEVATOR,52,1929,60900,791700,13,2889985,47.5,4-01443-0033,82-15 35 AVENUE,JACKSON HEIGHTS,D1-ELEVATOR,49,1936,52422,676000,12.9,2470000,47.1,0,4-01443-0040,34-57 82 STREET,JACKSON HEIGHTS,D1-ELEVATOR,46,1936,51872,674000,12.99,2460000,47.4,0
4-01452-7501,219-R1,90-10 34 AVENUE,JACKSON HEIGHTS,R4-ELEVATOR,60,1928,49392,642096,13,2339988,47.4,4-01455-0055,94-06 34 ROAD,JACKSON HEIGHTS,D1-ELEVATOR,59,1928,46662,607868,13.03,2220000,47.6,0.15,4-01452-0006,91-16 34 AVENUE,JACKSON HEIGHTS,D1-ELEVATOR,48,1929,38826,488634,12.59,1690000,43.5,0
4-01462-7501,223-R1,35-64 89 STREET,JACKSON HEIGHTS,R4-ELEVATOR,88,1927,82000,1148000,14,4190000,51,4-01451-0012,34-18 91 STREET,JACKSON HEIGHTS,D1-ELEVATOR,162,1927,95904,1383785,14.43,5050000,53,0.15,4-01437-0032,89-07 34 AVENUE,JACKSON HEIGHTS,D1-ELEVATOR,132,1930,90000,1116898,12.41,3850000,42.8,0.3
4-01469-7501,499-R1,35-38 JUNCTION BOULEVARD,JACKSON HEIGHTS,R4-ELEVATOR,62,2006,46128,1153200,25,5009988,109,4-04977-0017,136-14 NORTHERN BOULEVARD,FLUSHING-NORTH,D6-ELEVATOR,63,2000,52477,1269490,24.19,5510000,105,2.35,4-00531-0059,14-56 31 DRIVE,ASTORIA,D6-ELEVATOR,63,2001,61700,1362613,22.08,5920000,96,3.3
4-01486-7501,503-R1,40-24 76 STREET,ELMHURST,R4-ELEVATOR,12,2004,22574,564350,25,2450003,109,4-04977-0017,136-14 NORTHERN BOULEVARD,FLUSHING-NORTH,D6-ELEVATOR,63,2000,52477,1269490,24.19,5510000,105,3.35,4-00531-0059,14-56 31 DRIVE,ASTORIA,D6-ELEVATOR,63,2001,61700,1362613,22.08,5920000,96,2.6
4-01492-7501,185-R1,81-09 41 AVENUE,ELMHURST,R4-ELEVATOR,22,1987,20652,284997,13.8,1040001,50,4-01505-0076,40-23 ITHACA STREET,ELMHURST,D1-ELEVATOR,21,1991,19250,264422,13.74,965000,50,0.15,4-01492-0032,81-31 BAXTER AVENUE,ELMHURST,D7-ELEVATOR,53,1963,33600,464956,13.84,1700000,51,0
4-01505-7501,291-R1,40-35 ITHACA STREET,ELMHURST,R4-ELEVATOR,65,1937,51890,726460,14,2650005,51,4-01504-0080,40-15 HAMPTON STREET,ELMHURST,D1-ELEVATOR,60,1939,57000,776179,13.62,2830000,49.6,0.05,4-01504-0074,40-25 HAMPTON STREET,ELMHURST,D1-ELEVATOR,60,1939,57000,834928,14.65,3050000,54,0.05
4-01509-7501,147-R1,82-01 BRITTON AVENUE,ELMHURST,R4-ELEVATOR,82,1939,84057,1050712,12.5,3629997,43.2,4-01511-0032,89-05 ELMHURST AVENUE,ELMHURST,D1-ELEVATOR,107,1938,104646,1199279,11.46,4140000,39.6,0.4,4-01509-0017,81-11 PETTIT AVENUE,ELMHURST,D7-ELEVATOR,109,1957,106541,1443248,13.55,5270000,49.5,0.1
4-01518-7501,89-R1,84-25 ELMHURST AVENUE,ELMHURST,R4-ELEVATOR,144,1954,144300,2020200,14,7370004,51,4-01525-0030,42-42 80 STREET,ELMHURST,D1-ELEVATOR,136,1955,111500,1555422,13.95,5680000,51,0.25,4-01581-0001,83-45 BROADWAY,ELMHURST,D7-ELEVATOR,194,1956,179494,2339115,13.03,8070000,45,0.2
4-01518-7502,196-R1,83-06 VIETOR AVENUE,ELMHURST,R9-CONDOPS,86,1932,90930,1273020,14,4770000,52,4-01525-0030,42-42 80 STREET,ELMHURST,D1-ELEVATOR,136,1955,111500,1555422,13.95,5680000,51,0.25,4-01581-0001,83-45 BROADWAY,ELMHURST,D7-ELEVATOR,194,1956,179494,2339115,13.03,8070000,45,0.2
4-01526-7501,58-R1,42-25 80 STREET,ELMHURST,R4-ELEVATOR,147,1960,115364,1499732,13,5469980,47.4,4-01525-0030,42-42 80 STREET,ELMHURST,D1-ELEVATOR,136,1955,111500,1555422,13.95,5680000,51,0.05,4-01566-0021,41-40 DENMAN STREET,ELMHURST,D1-ELEVATOR,122,1961,99180,1336761,13.48,4880000,49.2,0.6
4-01527-7501,281-R1,42-15 81 STREET,ELMHURST,R4-ELEVATOR,114,1989,130980,2357640,18,9330000,71,4-05182-0009,140-26 FRANKLIN AVENUE,FLUSHING-NORTH,D1-ELEVATOR,54,1999,53860,1013751,18.82,4010000,74,3.3,4-00531-0059,14-56 31 DRIVE,ASTORIA,D6-ELEVATOR,63,2001,61700,1362613,22.08,5920000,96,3.05
4-01527-7502,299-R1,42-10 82 STREET,ELMHURST,R9-CONDOPS,88,1939,85702,1114126,13,3960000,46.2,4-01525-0018,42-16 80 STREET,ELMHURST,D1-ELEVATOR,107,1940,83705,1213372,14.5,4430000,53,0.1,4-00186-0001,41-43 39 PLACE,SUNNYSIDE,D1-ELEVATOR,84,1939,84000,1089416,12.97,3980000,47.4,2.15
4-01527-7503,415-R1,42-32 82 STREET,ELMHURST,R4-ELEVATOR,20,2002,20510,358925,17.5,1419998,69,4-05182-0009,140-26 FRANKLIN AVENUE,FLUSHING-NORTH,D1-ELEVATOR,54,1999,53860,1013751,18.82,4010000,74,3.3,4-02011-0036,110-17 CORONA AVENUE,CORONA,D1-ELEVATOR,18,2001,11000,188550,17.14,746000,68,1.65
4-01527-7504,441-R1,42-36 82 STREET,ELMHURST,R4-ELEVATOR,14,2003,13560,244080,18,966000,71,4-02011-0036,110-17 CORONA AVENUE,CORONA,D1-ELEVATOR,18,2001,11000,188550,17.14,746000,68,1.65,4-03169-0021,99-22 67 ROAD,REGO PARK,D3-ELEVATOR,29,2001,22662,584508,25.8,2540000,112,2
4-01531-7501,468-R1,78-36 46 AVENUE,ELMHURST,R4-ELEVATOR,26,2005,25499,484481,19,1919998,75,4-01505-0076,40-23 ITHACA STREET,ELMHURST,D1-ELEVATOR,21,1991,19250,264422,13.74,965000,50,0.5,,,,,,,,,,,,
4-01532-7501,237-R1,79-12 45 AVENUE,ELMHURST,R2-WALK-UP,24,1988,19769,296535,15,1079988,55,4-01505-0076,40-23 ITHACA STREET,ELMHURST,D1-ELEVATOR,21,1991,19250,264422,13.74,965000,50,0.4,4-01502-0022,87-15 BRITTON AVENUE,ELMHURST,C1-WALK-UP,16,1964,16160,245760,15.21,973000,60,0.55
4-01536-7501,30-R1,80-06 47 AVENUE,ELMHURST,R4-ELEVATOR,75,1980,105000,1365000,13,4980004,47.4,4-01312-0010,72-10 41 AVENUE,ELMHURST,D1-ELEVATOR,143,1955,128535,1601968,12.46,5530000,43,0.5,4-01505-0037,40-70 HAMPTON STREET,ELMHURST,D1-ELEVATOR,104,1963,89772,1170471,13.04,4270000,47.6,0.45
4-01536-7502,33-R1,76-26 47 AVENUE,ELMHURST,R4-ELEVATOR,22,1980,27450,370575,13.5,1350000,49.2,4-01312-0010,72-10 41 AVENUE,ELMHURST,D1-ELEVATOR,143,1955,128535,1601968,12.46,5530000,43,0.5,4-01505-0076,40-23 ITHACA STREET,ELMHURST,D1-ELEVATOR,21,1991,19250,264422,13.74,965000,50,0.45
4-01611-7501,161-R1,41-10 97 PLACE,CORONA,R2-WALK-UP,12,1987,9424,164920,17.5,653000,69,4-01606-0052,40-37 97 STREET,CORONA,C1-WALK-UP,16,1990,12304,215496,17.51,853000,69,0.1,4-01088-0058,23-31 94 STREET,EAST ELMHURST,C1-WALK-UP,38,1963,14114,292202,20.7,1270000,90,1.45
4-01775-7501,469-R1,104-19 39 AVENUE,CORONA,R2-WALK-UP,16,2005,14000,336000,24,1460000,104,4-03169-0021,99-22 67 ROAD,REGO PARK,D3-ELEVATOR,29,2001,22662,584508,25.8,2540000,112,1.9,4-02011-0036,110-17 CORONA AVENUE,CORONA,D1-ELEVATOR,18,2001,11000,188550,17.14,746000,68,0.85
4-01776-7501,567-R1,39-06 108 STREET,CORONA,R4-ELEVATOR,15,2006,11925,238500,20,1039994,87,4-01753-0063,109-15 37 AVENUE,CORONA,C1-WALK-UP,36,1963,14895,319919,21.48,1390000,93,0.3,4-01606-0052,40-37 97 STREET,CORONA,C1-WALK-UP,16,1990,12304,215496,17.51,853000,69,0.4
4-01779-7501,452-R1,38-11 108 STREET,CORONA,R4-ELEVATOR,87,2005,78190,1720180,22,7469993,96,4-05182-0009,140-26 FRANKLIN AVENUE,FLUSHING-NORTH,D1-ELEVATOR,54,1999,53860,1013751,18.82,4010000,74,1.85,4-03169-0021,99-22 67 ROAD,REGO PARK,D3-ELEVATOR,29,2001,22662,584508,25.8,2540000,112,1.95
4-01781-7501,426-R1,118 37 AVENUE,CORONA,R2-WALK-UP,24,2002,21312,372960,17.5,1479997,69,4-02004-0043,48-10 111 STREET,CORONA,D1-ELEVATOR,22,1988,18000,235728,13.1,860000,47.8,0.55,,,,,,,,,,,,
4-01837-7501,333-R1,88-30 51 AVENUE,ELMHURST,R4-ELEVATOR,74,1959,64938,779256,12,2689992,41.4,4-01251-0030,78-01 34 AVENUE,JACKSON HEIGHTS,D1-ELEVATOR,96,1950,90950,1017359,11.19,3160000,34.7,1.3,4-01279-0001,79-06 35 AVENUE,JACKSON HEIGHTS,D1-ELEVATOR,96,1950,95000,945431,9.95,2700000,28.4,1
4-01842-7501,98-R1,87-08 JUSTICE AVENUE,ELMHURST,R4-ELEVATOR,100,1986,104150,1406025,13.5,5130017,49.3,4-05863-0250,23-50 CORPORAL KENNEDY ST,BAYSIDE,D9-ELEVATOR,150,1981,124877,2059460,16.49,4820000,38.6,5.8,4-01902-0039,56-11 56 AVENUE,ELMHURST,D7-ELEVATOR,113,1964,108120,1443222,13.35,5270000,48.7,0.5
4-01853-7503,360-R1,90-70 51 AVENUE,ELMHURST,R2-WALK-UP,14,1989,8807,127701,14.5,466002,53,4-01505-0076,40-23 ITHACA STREET,ELMHURST,D1-ELEVATOR,21,1991,19250,264422,13.74,965000,50,0.65,,,,,,,,,,,,
4-01855-7501,454-R1,53-11 90 STREET,ELMHURST,R4-ELEVATOR,77,1964,72000,1080000,15,3940002,55,4-01519-0028,75-06 WOODSIDE AVENUE,ELMHURST,D1-ELEVATOR,74,1962,52553,845361,16.09,3350000,64,1,4-01913-0001,94-30 HOR HARDING EXPWY S,ELMHURST,D1-ELEVATOR,88,1965,79360,1161395,14.63,4240000,53,0.45
4-01857-7501,445-R1,90-20 55 AVENUE,ELMHURST,R4-ELEVATOR,20,2004,22536,383112,17,1519999,67,4-01349-0016,70-06 WOODSIDE AVENUE,ELMHURST,C1-WALK-UP,23,1961,13772,238224,17.3,943000,68,1.25,4-01838-0041,52-08 90 STREET,ELMHURST,C1-WALK-UP,16,1974,10400,115440,11.1,359000,34.5,0.2
4-01910-7501,129-R1,57-10 JUNCTION BOULEVARD,ELMHURST,R9-CONDOPS,66,1961,75780,1023030,13.5,3630000,47.9,4-01491-0021,80-15 41 AVENUE,ELMHURST,D1-ELEVATOR,287,1959,263120,3665073,13.93,13400000,51,1.2,4-01505-0037,40-70 HAMPTON STREET,ELMHURST,D1-ELEVATOR,104,1963,89772,1170471,13.04,4270000,47.6,1.05
4-01910-7501,129-R2,94-31 59 AVENUE,ELMHURST,R9-CONDOPS,132,1961,151162,2040687,13.5,7250000,48,4-01505-0037,40-70 HAMPTON STREET,ELMHURST,D1-ELEVATOR,104,1963,89772,1170471,13.04,4270000,47.6,1.1,4-01491-0021,80-15 41 AVENUE,ELMHURST,D1-ELEVATOR,287,1959,263120,3665073,13.93,13400000,51,1.25
4-01910-7501,129-R3,94-31 60 AVENUE,ELMHURST,R9-CONDOPS,264,1961,302236,4080186,13.5,14500000,48,4-01491-0021,80-15 41 AVENUE,ELMHURST,D1-ELEVATOR,287,1959,263120,3665073,13.93,13400000,51,1.3,4-01505-0037,40-70 HAMPTON STREET,ELMHURST,D1-ELEVATOR,104,1963,89772,1170471,13.04,4270000,47.6,1.15
4-01910-7501,129-R4,94-30 60 AVENUE,ELMHURST,R9-CONDOPS,66,1961,75693,1021855,13.5,3630000,48,4-01491-0021,80-15 41 AVENUE,ELMHURST,D1-ELEVATOR,287,1959,263120,3665073,13.93,13400000,51,1.35,4-01505-0037,40-70 HAMPTON STREET,ELMHURST,D1-ELEVATOR,104,1963,89772,1170471,13.04,4270000,47.6,1.2
4-01941-7501,489-R1,102-14 LEWIS AVENUE,CORONA,R4-ELEVATOR,40,2004,35706,892650,25,3879995,109,4-02011-0036,110-17 CORONA AVENUE,CORONA,D1-ELEVATOR,18,2001,11000,188550,17.14,746000,68,0.35,4-03169-0021,99-22 67 ROAD,REGO PARK,D3-ELEVATOR,29,2001,22662,584508,25.8,2540000,112,1.15
4-01955-7501,367-R1,54-09 108 STREET,CORONA,R4-ELEVATOR,29,1992,25040,350560,14,1279998,51,4-02004-0043,48-10 111 STREET,CORONA,D1-ELEVATOR,22,1988,18000,235728,13.1,860000,47.8,0.3,4-02016-0046,111-88 43 AVENUE,CORONA,D7-ELEVATOR,24,1988,15000,223752,14.92,817000,54,0.55
4-01993-7501,502-R1,106-19 50 AVENUE,CORONA,R4-ELEVATOR,24,2004,16136,387264,24,1680002,104,4-04977-0017,136-14 NORTHERN BOULEVARD,FLUSHING-NORTH,D6-ELEVATOR,63,2000,52477,1269490,24.19,5510000,105,1.9,4-00531-0059,14-56 31 DRIVE,ASTORIA,D6-ELEVATOR,63,2001,61700,1362613,22.08,5920000,96,4.25
4-02075-7501,143-R1,92-28 QUEENS BOULEVARD,REGO PARK,R4-ELEVATOR,112,1985,137200,2195200,16,8689988,63,4-02098-0018,63-36 98 PLACE,REGO PARK,D1-ELEVATOR,66,1980,66962,1150479,17.18,4550000,68,0.4,4-04954-0131,32-08 UNION STREET,FLUSHING-NORTH,D1-ELEVATOR,27,1999,35100,459108,13.08,1680000,47.9,3.2
4-02082-7501,229-R1,62-54 97 PLACE,REGO PARK,R4-ELEVATOR,206,1988,190498,2381225,12.5,8219999,43.2,4-01918-0072,98-32 57 AVENUE,CORONA,D1-ELEVATOR,232,1965,239000,2666240,11.16,8280000,34.6,0.2,4-02098-0018,63-36 98 PLACE,REGO PARK,D1-ELEVATOR,66,1980,66962,1150479,17.18,4550000,68,0.2
4-02090-7501,322-R1,97-12 63 DRIVE,REGO PARK,R4-ELEVATOR,73,1992,51254,871318,17,3450003,67,4-02098-0018,63-36 98 PLACE,REGO PARK,D1-ELEVATOR,66,1980,66962,1150479,17.18,4550000,68,0.1,4-04954-0131,32-08 UNION STREET,FLUSHING-NORTH,D1-ELEVATOR,27,1999,35100,459108,13.08,1680000,47.9,3.1
4-02099-7501,457-R1,63-26 99 STREET,REGO PARK,R4-ELEVATOR,32,1999,30520,640920,21,2780000,91,4-05137-0012,42-49 COLDEN STREET,FLUSHING-NORTH,D3-ELEVATOR,284,1962,270499,3838380,14.19,14000000,52,2.3,4-02090-0047,97-25 64 AVENUE,REGO PARK,D7-ELEVATOR,113,1950,98000,1240205,12.66,4280000,43.7,0.15
4-02112-7501,61-R1,63-60 102 STREET,REGO PARK,R4-ELEVATOR,139,1949,132000,1716000,13,6260000,47.4,4-05137-0012,42-49 COLDEN STREET,FLUSHING-NORTH,D3-ELEVATOR,284,1962,270499,3838380,14.19,14000000,52,2.2,4-02090-0047,97-25 64 AVENUE,REGO PARK,D7-ELEVATOR,113,1950,98000,1240205,12.66,4280000,43.7,0.25
4-02118-7501,334-R1,99-32 66 ROAD,REGO PARK,R9-CONDOPS,489,1952,418980,5237250,12.5,18600000,44.4,4-02090-0026,63-60 98 STREET,REGO PARK,D1-ELEVATOR,129,1951,125610,1448805,11.53,5000000,39.8,0.4,4-02122-0028,102-50 62 ROAD,FOREST HILLS,D1-ELEVATOR,102,1956,99350,1258396,12.67,4340000,43.7,0.5
4-02119-7501,183-R1,100-25 QUEENS BOULEVARD,REGO PARK,R4-ELEVATOR,157,1959,148800,2083200,14,7599999,51,4-03156-0133,98-05 67 AVENUE,REGO PARK,D3-ELEVATOR,181,1960,177710,2565076,14.43,9360000,53,0.25,4-03078-0085,93-10 QUEENS BOULEVARD,REGO PARK,D7-ELEVATOR,114,1950,104708,1547151,14.78,5650000,54,0.75
4-02186-7501,172-R1,110-14 65 AVENUE,FOREST HILLS,R2-WALK-UP,20,1951,26054,416864,16,1650003,63,4-02185-0011,110-12 64 ROAD,FOREST HILLS,C9-WALK-UP,28,1950,26306,399430,15.18,1580000,60,0.1,4-02185-0040,110-15 65 AVENUE,FOREST HILLS,C9-WALK-UP,28,1950,26306,440761,16.76,1740000,66,0.1
4-02220-7501,590-R1,69-45 108 STREET,FOREST HILLS,R4-ELEVATOR,103,1955,119194,1549522,13,5660000,47.5,4-02132-0045,66-25 103 STREET,FOREST HILLS,D1-ELEVATOR,148,1964,169348,2290769,13.53,8360000,49.4,0.5,4-02135-0013,102-40 67 ROAD,FOREST HILLS,D1-ELEVATOR,135,1960,137700,1733190,12.59,5980000,43.4,0.4
4-02224-7501,75-R1,109-33 71 ROAD,FOREST HILLS,R4-ELEVATOR,73,1960,57269,778858,13.6,2839994,49.6,4-02090-0047,97-25 64 AVENUE,REGO PARK,D7-ELEVATOR,113,1950,98000,1240205,12.66,4280000,43.7,1.1,4-02224-0028,108-50 71 AVENUE,FOREST HILLS,D7-ELEVATOR,62,1950,63074,905042,14.35,3300000,52,0
4-02239-7501,177-R1,111-01 QUEENS BOULEVARD,FOREST HILLS,R9-CONDOPS,120,1966,144310,2020340,14,7570000,52,4-02132-0045,66-25 103 STREET,FOREST HILLS,D1-ELEVATOR,148,1964,169348,2290769,13.53,8360000,49.4,0.95,4-02134-0013,102-30 67 AVENUE,FOREST HILLS,D1-ELEVATOR,123,1963,135400,1736514,12.83,5990000,44.2,0.85
4-02264-7501,339-R1,112-01 QUEENS BOULEVARD,FOREST HILLS,R4-ELEVATOR,226,1991,282298,5928258,21,25699996,91,4-02098-0018,63-36 98 PLACE,REGO PARK,D1-ELEVATOR,66,1980,66962,1150479,17.18,4550000,68,1.5,4-03155-0019,66-02 AUSTIN STREET,REGO PARK,D1-ELEVATOR,66,1998,57600,1281157,22.24,5560000,97,1.2
4-02267-7501,342-R1,76-01 113 STREET,FLUSHING MEADOW PARK,R4-ELEVATOR,28,1990,32000,512000,16,2030000,63,4-02098-0018,63-36 98 PLACE,REGO PARK,D1-ELEVATOR,66,1980,66962,1150479,17.18,4550000,68,1.65,4-04954-0131,32-08 UNION STREET,FLUSHING-NORTH,D1-ELEVATOR,27,1999,35100,459108,13.08,1680000,47.9,3.5
4-02313-7501,392-R1,58-12 QUEENS BOULEVARD,WOODSIDE,R9-CONDOPS,122,1998,132550,2717275,20.5,11500100,87,4-02324-0035,44-20 63 STREET,WOODSIDE,D9-ELEVATOR,78,1982,58000,1297398,22.37,3040000,52,0.25,4-04977-0021,137-02 NORTHERN BOULEVARD,FLUSHING-NORTH,D1-ELEVATOR,71,2000,67324,1307992,19.43,5680000,84,4.35
4-02383-7501,154-R1,65-31 52 AVENUE,MASPETH,R2-WALK-UP,17,1987,17400,234900,13.5,857000,49.3,4-03068-0058,66-52 79 STREET,MIDDLE VILLAGE,C1-WALK-UP,19,1973,18480,295000,15.96,1170000,63,1.9,4-01855-0013,90-32 53 AVENUE,ELMHURST,C1-WALK-UP,32,1975,16900,251142,14.86,917000,54,1.45
4-02467-7502,519-R1,79-39 CALAMUS AVENUE,ELMHURST,R4-ELEVATOR,14,1990,14013,280260,20,1339998,96,4-03166-0067,68-12 AUSTIN STREET,REGO PARK,D7-ELEVATOR,17,1998,16949,389827,23,1690000,100,1.85,4-00573-0046,27-10 ASTORIA BOULEVARD,ASTORIA,D7-ELEVATOR,27,2004,25920,511862,19.75,2220000,86,3.1
4-02474-7501,480-R1,81-18 QUEENS BOULEVARD,ELMHURST,R4-ELEVATOR,30,2004,24285,728550,30,3489995,144,4-03169-0021,99-22 67 ROAD,REGO PARK,D3-ELEVATOR,29,2001,22662,584508,25.8,2540000,112,1.7,4-04977-0017,136-14 NORTHERN BOULEVARD,FLUSHING-NORTH,D6-ELEVATOR,63,2000,52477,1269490,24.19,5510000,105,3.3
4-02476-7501,145-R1,51-33 GOLDSMITH STREET,ELMHURST,R4-ELEVATOR,62,1962,51341,744444,14.5,2720010,53,4-02474-0022,51-15 VAN KLEECK STREET,ELMHURST,D1-ELEVATOR,88,1960,74600,986786,13.23,3600000,48.3,0.1,4-01519-0028,75-06 WOODSIDE AVENUE,ELMHURST,D1-ELEVATOR,74,1962,52553,845361,16.09,3350000,64,0.65
4-02500-7501,203-R1,55-36 69 PLACE,ELMHURST,R4-ELEVATOR,12,1988,11782,153166,13,559008,47.4,4-03068-0058,66-52 79 STREET,MIDDLE VILLAGE,C1-WALK-UP,19,1973,18480,295000,15.96,1170000,63,1.4,4-01855-0013,90-32 53 AVENUE,ELMHURST,C1-WALK-UP,32,1975,16900,251142,14.86,917000,54,1.4
4-02756-7501,153-R1,62-36 59 DRIVE,MASPETH,R4-ELEVATOR,11,1987,9765,166005,17,657003,67,4-02016-0046,111-88 43 AVENUE,CORONA,D7-ELEVATOR,24,1988,15000,223752,14.92,817000,54,3.35,4-03359-0011,123-20 82 AVENUE,KEW GARDENS,D7-ELEVATOR,18,1996,12905,238715,18.5,945000,73,3.85
4-02784-7501,175-R1,61-12 69 STREET,MASPETH,R2-WALK-UP,37,1987,35316,600372,17,2379998,67,4-03083-0079,95-11 64 ROAD,REGO PARK,C1-WALK-UP,32,1993,27907,494807,17.73,1960000,70,1.7,4-00945-0030,19-62 77 STREET,JACKSON HEIGHTS,C1-WALK-UP,17,1989,12896,210651,16.33,834000,65,3.65
4-02796-7501,266-R1,57-15 69 LANE,ELMHURST,R2-WALK-UP,13,1989,10170,162720,16,643998,63,4-01505-0076,40-23 ITHACA STREET,ELMHURST,D1-ELEVATOR,21,1991,19250,264422,13.74,965000,50,1.45,4-02265-0086,75-10 GRND CNTRL PARKWAY,FOREST HILLS,D3-ELEVATOR,39,1964,20220,352957,17.46,1400000,69,3.1
4-02851-7501,113-R1,87-12 GRAND AVENUE,ELMHURST,R4-ELEVATOR,20,1986,20679,330864,16,1310000,63,4-01505-0076,40-23 ITHACA STREET,ELMHURST,D1-ELEVATOR,21,1991,19250,264422,13.74,965000,50,0.75,4-02265-0086,75-10 GRND CNTRL PARKWAY,FOREST HILLS,D3-ELEVATOR,39,1964,20220,352957,17.46,1400000,69,2.55
4-02858-7501,133-R1,87-14 57 ROAD,ELMHURST,R4-ELEVATOR,25,1987,20333,335494,16.5,1330002,65,4-01505-0076,40-23 ITHACA STREET,ELMHURST,D1-ELEVATOR,21,1991,19250,264422,13.74,965000,50,1,4-02265-0086,75-10 GRND CNTRL PARKWAY,FOREST HILLS,D3-ELEVATOR,39,1964,20220,352957,17.46,1400000,69,2.25
4-02875-7501,395-R1,85-26 GRAND AVENUE,ELMHURST,R2-WALK-UP,16,1990,12700,222250,17.5,880001,69,4-01349-0016,70-06 WOODSIDE AVENUE,ELMHURST,C1-WALK-UP,23,1961,13772,238224,17.3,943000,68,0.85,4-03083-0079,95-11 64 ROAD,REGO PARK,C1-WALK-UP,32,1993,27907,494807,17.73,1960000,70,1.1
4-02882-7502,425-R1,85-24 57 AVENUE,ELMHURST,R2-WALK-UP,15,2002,12234,244680,20,1060002,87,4-00598-0018,26-39 30 STREET,ASTORIA,C1-WALK-UP,14,1999,10000,197425,19.74,857000,86,3.4,4-03166-0067,68-12 AUSTIN STREET,REGO PARK,D7-ELEVATOR,17,1998,16949,389827,23,1690000,100,1.35
4-02885-7501,569-R1,60-70 WOODHAVEN BOULEVARD,MIDDLE VILLAGE,R4-ELEVATOR,46,2007,38062,1141860,30,5469999,144,4-03155-0019,66-02 AUSTIN STREET,REGO PARK,D1-ELEVATOR,66,1998,57600,1281157,22.24,5560000,97,0.95,4-03169-0021,99-22 67 ROAD,REGO PARK,D3-ELEVATOR,29,2001,22662,584508,25.8,2540000,112,1.1
4-02891-7502,527-R1,84-32 GRAND AVENUE,ELMHURST,R4-ELEVATOR,21,2006,18328,549840,30,2629997,143,4-02236-0010,110-06 72 AVENUE,FOREST HILLS,D8-ELEVATOR,18,1996,12442,435739,35,2090000,168,2.3,,,,,,,,,,,,
4-03029-7501,102-R1,71-09 JUNIPER VALLEY ROAD,MIDDLE VILLAGE,R2-WALK-UP,12,1985,13338,180063,13.5,657000,49.3,4-03050-0019,69-16 66 DRIVE,MIDDLE VILLAGE,C1-WALK-UP,16,1971,11209,182670,16.3,723000,65,0.2,4-05293-0045,166-15 DEPOT ROAD,FLUSHING-NORTH,C1-WALK-UP,16,1975,13549,154430,11.4,533000,39.3,5.5
4-03055-7501,142-R1,66-57 71 STREET,MIDDLE VILLAGE,R2-WALK-UP,12,1985,11160,167400,15,610998,55,4-00619-0033,31-20 28 ROAD,ASTORIA,C1-WALK-UP,12,1987,9053,138840,15.34,550000,61,4.2,4-01606-0052,40-37 97 STREET,CORONA,C1-WALK-UP,16,1990,12304,215496,17.51,853000,69,2.6
4-03055-7502,169-R1,71-57 METROPOLITAN AVENUE,MIDDLE VILLAGE,R2-WALK-UP,49,1987,50670,709380,14,2590008,51,4-03156-0092,66-23 AUSTIN STREET,REGO PARK,D1-ELEVATOR,55,1985,51700,697950,13.5,2550000,49.3,1.65,4-02324-0035,44-20 63 STREET,WOODSIDE,D9-ELEVATOR,78,1982,58000,1297398,22.37,3040000,52,2.1
4-03057-7501,204-R1,72-29 METROPOLITAN AVENUE,MIDDLE VILLAGE,R4-ELEVATOR,28,1987,31080,528360,17,2090000,67,4-02098-0018,63-36 98 PLACE,REGO PARK,D1-ELEVATOR,66,1980,66962,1150479,17.18,4550000,68,1.75,4-09260-0011,85-18 118 STREET,KEW GARDENS,D1-ELEVATOR,48,1959,37772,538089,14.25,1960000,52,2.65
4-03068-7501,163-R1,66-70 79 STREET,MIDDLE VILLAGE,R2-WALK-UP,18,1987,18696,336528,18,1330001,71,4-02886-0019,60-16 86 STREET,MIDDLE VILLAGE,C7-WALK-UP,12,1982,7331,130000,17.73,515000,70,1.1,4-03068-0058,66-52 79 STREET,MIDDLE VILLAGE,C1-WALK-UP,19,1973,18480,295000,15.96,1170000,63,0
4-03081-7501,404-R1,63-47 BOOTH STREET,REGO PARK,R4-ELEVATOR,21,2001,40000,880000,22,3819996,95,4-03155-0019,66-02 AUSTIN STREET,REGO PARK,D1-ELEVATOR,66,1998,57600,1281157,22.24,5560000,97,0.5,4-03169-0021,99-22 67 ROAD,REGO PARK,D3-ELEVATOR,29,2001,22662,584508,25.8,2540000,112,0.65
4-03096-7501,137-R1,63-80 WETHEROLE STREET,REGO PARK,R4-ELEVATOR,42,1960,26118,398299,15.25,1579995,60,4-03321-0111,83-96 118 STREET,KEW GARDENS,D1-ELEVATOR,44,1960,30900,444138,14.37,1620000,52,2.15,4-03117-0017,89-10 63 DRIVE,REGO PARK,D1-ELEVATOR,36,1957,23100,322659,13.97,1180000,51,0.2
4-03097-7503,236-R1,64-49 WETHEROLE STREET,REGO PARK,R4-ELEVATOR,56,1961,39840,557760,14,2039997,51,4-03087-0021,65-62 SAUNDERS STREET,REGO PARK,D3-ELEVATOR,38,1954,26400,368700,13.97,1350000,51,0.15,4-03117-0017,89-10 63 DRIVE,REGO PARK,D1-ELEVATOR,36,1957,23100,322659,13.97,1180000,51,0.3
4-03097-7504,288-R1,65-04 BOOTH STREET,REGO PARK,R9-CONDOPS,68,1961,23531,364730,15.5,1400000,59,4-03087-0021,65-62 SAUNDERS STREET,REGO PARK,D3-ELEVATOR,38,1954,26400,368700,13.97,1350000,51,0.15,4-03117-0017,89-10 63 DRIVE,REGO PARK,D1-ELEVATOR,36,1957,23100,322659,13.97,1180000,51,0.3
4-03097-7505,337-R1,65-20 BOOTH STREET,REGO PARK,R4-ELEVATOR,67,1941,63693,891702,14,3250000,51,4-03078-0110,93-54 QUEENS BOULEVARD,REGO PARK,D7-ELEVATOR,65,1939,64935,807438,12.43,2790000,43,0.4,4-03086-0002,65-41 SAUNDERS STREET,REGO PARK,D1-ELEVATOR,61,1940,60000,844200,14.07,3080000,51,0.15
4-03097-7506,547-R1,64-48 BOOTH STREET,REGO PARK,R4-ELEVATOR,36,1955,23172,359166,15.5,1420001,61,4-03097-0038,64-85 WETHEROLE STREET,REGO PARK,D1-ELEVATOR,56,1952,50400,671167,13.32,2450000,48.6,0,4-03117-0017,89-10 63 DRIVE,REGO PARK,D1-ELEVATOR,36,1957,23100,322659,13.97,1180000,51,0.3
4-03100-7501,56-R1,65-36 WETHEROLE STREET,REGO PARK,R4-ELEVATOR,64,1941,66324,895374,13.5,3270002,49.3,4-03086-0002,65-41 SAUNDERS STREET,REGO PARK,D1-ELEVATOR,61,1940,60000,844200,14.07,3080000,51,0.15,,,,,,,,,,,,
4-03102-7501,262-R1,87 62 AVENUE,REGO PARK,R4-ELEVATOR,78,1988,67502,1215036,18,4809993,71,4-02098-0018,63-36 98 PLACE,REGO PARK,D1-ELEVATOR,66,1980,66962,1150479,17.18,4550000,68,0.55,4-03104-0108,65-90 AUSTIN STREET,REGO PARK,D1-ELEVATOR,66,1998,57600,1313873,22.81,5700000,99,0.4
4-03115-7501,72-R1,63-85 WOODHAVEN BOULEVARD,REGO PARK,R4-ELEVATOR,164,1952,149558,2243370,15,8190022,55,4-03155-0027,98-01 67 AVENUE,REGO PARK,D3-ELEVATOR,286,1959,275197,4144718,15.06,16400000,60,0.5,4-03085-0008,64-20 SAUNDERS STREET,REGO PARK,D1-ELEVATOR,150,1950,127152,1788405,14.07,6530000,51,0.5
4-03159-7501,259-R1,98-76 QUEENS BOULEVARD,REGO PARK,R4-ELEVATOR,66,1939,63000,856800,13.6,3129998,49.7,4-03080-0001,63-07 SAUNDERS STREET,REGO PARK,D1-ELEVATOR,60,1939,62400,791271,12.68,2730000,43.8,0.5,4-03080-0006,95-08 QUEENS BOULEVARD,REGO PARK,D1-ELEVATOR,60,1941,62400,838819,13.44,3060000,49,0.5
4-03169-7501,356-R1,99-34 67 ROAD,REGO PARK,R4-ELEVATOR,67,1941,63998,959970,15,3500013,55,4-03155-0027,98-01 67 AVENUE,REGO PARK,D3-ELEVATOR,286,1959,275197,4144718,15.06,16400000,60,0.2,4-03080-0006,95-08 QUEENS BOULEVARD,REGO PARK,D1-ELEVATOR,60,1941,62400,838819,13.44,3060000,49,0.65
4-03171-7501,68-R1,100-10 67 ROAD,REGO PARK,R4-ELEVATOR,64,1941,71316,1069740,15,3900034,55,4-02225-0006,109-05 QUEENS BOULEVARD,FOREST HILLS,D1-ELEVATOR,65,1936,72800,989866,13.6,3610000,49.6,0.65,,,,,,,,,,,,
4-03171-7502,419-R1,101-18 QUEENS BOULEVARD,REGO PARK,R9-CONDOPS,31,1964,26930,471275,17.5,1810000,67,4-03117-0017,89-10 63 DRIVE,REGO PARK,D1-ELEVATOR,36,1957,23100,322659,13.97,1180000,51,0.65,4-03083-0079,95-11 64 ROAD,REGO PARK,C1-WALK-UP,32,1993,27907,494807,17.73,1960000,70,0.55
4-03173-7501,330-R1,102-30 QUEENS BOULEVARD,REGO PARK,R9-CONDOPS,98,1991,145717,1967179,13.5,6990000,48,4-03078-0085,93-10 QUEENS BOULEVARD,REGO PARK,D7-ELEVATOR,114,1950,104708,1547151,14.78,5650000,54,0.85,4-03084-0020,97-50 QUEENS BOULEVARD,REGO PARK,D6-ELEVATOR,102,1941,106464,1291438,12.13,4460000,41.9,0.5
4-03239-7501,201-R1,107 QUEENS BOULEVARD,FOREST HILLS,R9-CONDOPS,162,1965,181853,2909648,16,11200000,62,4-03161-0001,66-22 FLEET STREET,FOREST HILLS,D1-ELEVATOR,130,1962,112800,1704408,15.11,6750000,60,0.6,4-03234-0051,68-09 BURNS STREET,FOREST HILLS,D1-ELEVATOR,228,1929,174480,3155815,18.09,12500000,72,0.2
4-03255-7501,118-R1,72-34 AUSTIN STREET,FOREST HILLS,R4-ELEVATOR,58,1932,38582,617312,16,2439991,63,4-03255-0028,71-50 AUSTIN STREET,FOREST HILLS,D7-ELEVATOR,53,1932,40398,888756,22,3860000,96,0,4-03258-0023,72-25 AUSTIN STREET,FOREST HILLS,D7-ELEVATOR,50,1920,48000,783864,16.33,3100000,65,0.1
4-03257-7501,450-R1,108-24 71 ROAD,FOREST HILLS,R4-ELEVATOR,95,2004,108788,2502124,23,10900003,100,4-06809-0001,75-25 153 STREET,FLUSHING-SOUTH,D8-ELEVATOR,388,2004,540846,9060925,16.75,35900000,66,1.65,,,,,,,,,,,,
4-03292-7501,293-R1,110-31 73 ROAD,FOREST HILLS,R9-CONDOPS,69,1938,71210,996940,14,3730000,52,4-02146-0028,63-10 108 STREET,FOREST HILLS,D7-ELEVATOR,76,1955,82730,987593,11.94,3410000,41.2,1.25,4-02225-0006,109-05 QUEENS BOULEVARD,FOREST HILLS,D1-ELEVATOR,65,1936,72800,989866,13.6,3610000,49.6,0.2
4-03293-7501,194-R1,110 73 ROAD,FOREST HILLS,R9-CONDOPS,66,1942,93800,1313200,14,4920000,52,4-02122-0028,102-50 62 ROAD,FOREST HILLS,D1-ELEVATOR,102,1956,99350,1258396,12.67,4340000,43.7,1.45,4-02225-0006,109-05 QUEENS BOULEVARD,FOREST HILLS,D1-ELEVATOR,65,1936,72800,989866,13.6,3610000,49.6,0.25
4-03321-7501,88-R1,83-85 116 STREET,KEW GARDENS,R4-ELEVATOR,75,1956,65990,923860,14,3370003,51,4-03321-0061,83-31 116 STREET,KEW GARDENS,D1-ELEVATOR,180,1950,140196,2009768,14.34,7340000,52,0.15,4-03321-0037,83-46 118 STREET,KEW GARDENS,D1-ELEVATOR,84,1931,70059,900127,12.85,3110000,44.4,0.15
4-03321-7502,455-R1,83-75 117 STREET,KEW GARDENS,R4-ELEVATOR,39,2004,42795,684720,16,2710005,63,4-03329-0057,118-65 METROPOLITAN AVENU,KEW GARDENS,D1-ELEVATOR,55,1927,34500,499896,14.49,1820000,53,0.2,4-03359-0011,123-20 82 AVENUE,KEW GARDENS,D7-ELEVATOR,18,1996,12905,238715,18.5,945000,73,0.65
4-03321-7503,435-R1,83-71 116 STREET,KEW GARDENS,R4-ELEVATOR,30,2001,38000,760000,20,3300004,87,4-03329-0057,118-65 METROPOLITAN AVENU,KEW GARDENS,D1-ELEVATOR,55,1927,34500,499896,14.49,1820000,53,0.2,4-03359-0011,123-20 82 AVENUE,KEW GARDENS,D7-ELEVATOR,18,1996,12905,238715,18.5,945000,73,0.65
4-05039-7501,420-R1,132-59 41 ROAD,FLUSHING-NORTH,R4-ELEVATOR,18,2001,15000,300000,20,1300003,87,4-05182-0009,140-26 FRANKLIN AVENUE,FLUSHING-NORTH,D1-ELEVATOR,54,1999,53860,1013751,18.82,4010000,74,0.5,4-09760-0022,90-05 161 STREET,JAMAICA,D6-ELEVATOR,96,2003,54496,1451036,26.6,6300000,116,3.95
4-03321-7504,461-R1,116-24 GROSVENOR LANE,KEW GARDENS,R4-ELEVATOR,59,2005,52033,1300825,25,5650004,109,4-04977-0017,136-14 NORTHERN BOULEVARD,FLUSHING-NORTH,D6-ELEVATOR,63,2000,52477,1269490,24.19,5510000,105,3.9,4-03155-0019,66-02 AUSTIN STREET,REGO PARK,D1-ELEVATOR,66,1998,57600,1281157,22.24,5560000,97,1.7
4-03322-7501,410-R1,118-82 METROPOLITAN AVENU,KEW GARDENS,R4-ELEVATOR,41,2002,35180,773960,22,3359997,96,4-03155-0019,66-02 AUSTIN STREET,REGO PARK,D1-ELEVATOR,66,1998,57600,1281157,22.24,5560000,97,1.8,,,,,,,,,,,,
4-03339-7501,305-R1,111-50 70 AVENUE,FOREST HILLS,R9-CONDOPS,88,1987,115082,1726230,15,6470000,56,4-03083-0079,95-11 64 ROAD,REGO PARK,C1-WALK-UP,32,1993,27907,494807,17.73,1960000,70,1.55,4-03342-0022,111-46 76 DRIVE,FOREST HILLS,D1-ELEVATOR,24,1966,21396,313715,14.66,1150000,54,0.15
4-03340-7501,63-R1,111-14 76 AVENUE,FOREST HILLS,R4-ELEVATOR,95,1938,84954,1231833,14.5,4500016,53,4-02222-0001,70-11 108 STREET,FOREST HILLS,D7-ELEVATOR,78,1939,73020,1253569,17.17,4960000,68,0.55,4-02225-0006,109-05 QUEENS BOULEVARD,FOREST HILLS,D1-ELEVATOR,65,1936,72800,989866,13.6,3610000,49.6,0.45
4-03342-7501,289-R1,111-56 76 DRIVE,FOREST HILLS,R4-ELEVATOR,39,1939,31511,488420,15.5,1929993,61,4-03341-0001,111-10 76 ROAD,FOREST HILLS,D1-ELEVATOR,60,1937,56636,849540,15,3100000,55,0.05,4-03255-0028,71-50 AUSTIN STREET,FOREST HILLS,D7-ELEVATOR,53,1932,40398,888756,22,3860000,96,0.5
4-03347-7501,193-R1,119-45 UNION TURNPIKE,FOREST HILLS,R4-ELEVATOR,59,1971,51376,822016,16,3250005,63,4-03341-0008,111-20 76 ROAD,FOREST HILLS,D1-ELEVATOR,66,1937,57909,868635,15,3170000,55,0.2,4-03322-0043,83-33 118 STREET,KEW GARDENS,D1-ELEVATOR,79,1979,72147,1259233,17.45,4980000,69,0.6
4-03358-7501,202-R1,123-25 82 AVENUE,KEW GARDENS,R9-CONDOPS,108,1951,66880,936320,14,3510000,52,4-03321-0018,83-10 118 STREET,KEW GARDENS,D1-ELEVATOR,79,1954,74118,952416,12.85,3290000,44.4,0.55,4-03321-0111,83-96 118 STREET,KEW GARDENS,D1-ELEVATOR,44,1960,30900,444138,14.37,1620000,52,0.65
4-03360-7501,144-R1,125-10 QUEENS BOULEVARD,KEW GARDENS,R9-CONDOPS,377,1960,419528,6712448,16,25800000,61,4-05137-0005,43-23 COLDEN STREET,FLUSHING-NORTH,D7-ELEVATOR,322,1965,317305,5169402,16.29,20500000,65,2.9,4-05137-0102,43-70 KISSENA BOULEVARD,FLUSHING-NORTH,D7-ELEVATOR,325,1965,317277,5180463,16.33,20500000,65,2.9
4-03371-7501,382-R1,2116 GREENE AVENUE,RIDGEWOOD,R2-WALK-UP,44,0,59400,831600,14,3039995,51,4-03631-0001,62-02 CATALPA AVENUE,RIDGEWOOD,C1-WALK-UP,81,1928,57716,736763,12.77,2540000,44,0.8,4-03545-0001,1605 PUTNAM AVENUE,RIDGEWOOD,C7-WALK-UP,49,1927,49530,529300,10.69,1640000,33.1,0.75
4-03456-7501,411-R1,714 SENECA AVENUE,RIDGEWOOD,R4-ELEVATOR,17,2002,12607,264747,21,1150002,91,4-03359-0011,123-20 82 AVENUE,KEW GARDENS,D7-ELEVATOR,18,1996,12905,238715,18.5,945000,73,4.25,4-03169-0021,99-22 67 ROAD,REGO PARK,D3-ELEVATOR,29,2001,22662,584508,25.8,2540000,112,3.25
4-03494-7501,130-R1,5926 BLEECKER STREET,RIDGEWOOD,R2-WALK-UP,12,1987,10021,180378,18,714002,71,4-03359-0011,123-20 82 AVENUE,KEW GARDENS,D7-ELEVATOR,18,1996,12905,238715,18.5,945000,73,4,4-01606-0052,40-37 97 STREET,CORONA,C1-WALK-UP,16,1990,12304,215496,17.51,853000,69,3.2
4-03637-7501,350-R1,71-05 FRESH POND ROAD,GLENDALE,R4-ELEVATOR,64,0,64706,1164708,18,4610000,71,4-03874-0078,89-15 73 AVENUE,GLENDALE,C9-WALK-UP,52,1950,45040,798954,17.74,3160000,70,1.85,4-03873-0028,89-17 72 AVENUE,GLENDALE,C9-WALK-UP,52,1950,44928,829848,18.47,3280000,73,1.85
4-03667-7501,226-R1,72-52 METROPOLITAN AVENUE,GLENDALE,R2-WALK-UP,12,1988,9969,159504,16,631001,63,4-00619-0033,31-20 28 ROAD,ASTORIA,C1-WALK-UP,12,1987,9053,138840,15.34,550000,61,4.45,4-01606-0052,40-37 97 STREET,CORONA,C1-WALK-UP,16,1990,12304,215496,17.51,853000,69,2.9
4-03706-7501,449-R1,76-18 69 PLACE,GLENDALE,R4-ELEVATOR,50,1903,54954,769356,14,2809996,51,4-09712-0146,141-24 84 DRIVE,BRIARWOOD,D1-ELEVATOR,49,2003,53580,967316,18.05,3830000,71,3.6,,,,,,,,,,,,
4-03727-7501,378-R1,56-07 CLOVER PLACE,GLENDALE,R2-WALK-UP,28,0,20320,233680,11.5,806012,39.7,4-03683-0036,71-56 69 STREET,GLENDALE,C1-WALK-UP,12,1928,9300,96348,10.36,299000,32.2,1,4-03683-0041,71-66 69 STREET,GLENDALE,C1-WALK-UP,23,1928,13760,216582,15.74,857000,62,1
4-04044-7501,534-R1,14-34 110 STREET,COLLEGE POINT,R4-ELEVATOR,33,2002,30185,664070,22,2900009,96,4-04977-0017,136-14 NORTHERN BOULEVARD,FLUSHING-NORTH,D6-ELEVATOR,63,2000,52477,1269490,24.19,5510000,105,2.15,4-05182-0009,140-26 FRANKLIN AVENUE,FLUSHING-NORTH,D1-ELEVATOR,54,1999,53860,1013751,18.82,4010000,74,2.7
4-04259-7501,91-R1,122-15 25 ROAD,COLLEGE POINT,R2-WALK-UP,15,1983,11076,155064,14,566001,51,4-04256-0030,25-60 COLLEGE POINT BOULE,COLLEGE POINT,C1-WALK-UP,15,1964,11196,153497,13.71,560000,50,0.1,4-04292-0060,119-58 27 AVENUE,COLLEGE POINT,C1-WALK-UP,30,1966,17493,216414,12.37,747000,42.7,0.2
4-04410-7501,370-R1,137-11 32 AVENUE,FLUSHING-NORTH,R4-ELEVATOR,23,1990,22528,405504,18,1610003,71,4-02098-0018,63-36 98 PLACE,REGO PARK,D1-ELEVATOR,66,1980,66962,1150479,17.18,4550000,68,3,4-04977-0021,137-02 NORTHERN BOULEVARD,FLUSHING-NORTH,D1-ELEVATOR,71,2000,67324,1307992,19.43,5680000,84,0.45
4-04414-7501,476-R1,31-22 UNION STREET,FLUSHING-NORTH,R4-ELEVATOR,20,2006,18668,494702,26.5,2149999,115,4-03169-0021,99-22 67 ROAD,REGO PARK,D3-ELEVATOR,29,2001,22662,584508,25.8,2540000,112,3.4,4-09760-0022,90-05 161 STREET,JAMAICA,D6-ELEVATOR,96,2003,54496,1451036,26.6,6300000,116,4.65
4-04414-7502,517-R1,140-24 31 DRIVE,FLUSHING-NORTH,R4-ELEVATOR,20,2005,15422,408683,26.5,1769994,115,4-04977-0017,136-14 NORTHERN BOULEVARD,FLUSHING-NORTH,D6-ELEVATOR,63,2000,52477,1269490,24.19,5510000,105,0.45,4-03169-0021,99-22 67 ROAD,REGO PARK,D3-ELEVATOR,29,2001,22662,584508,25.8,2540000,112,3.4
4-04516-7501,563-R1,150-31 12 AVENUE,WHITESTONE,R4-ELEVATOR,49,2006,39140,743660,19,2940040,75,4-03083-0079,95-11 64 ROAD,REGO PARK,C1-WALK-UP,32,1993,27907,494807,17.73,1960000,70,5,4-05285-0010,163-02 CROCHERON AVENUE,FLUSHING-NORTH,C7-WALK-UP,15,1964,11866,202446,17.06,801000,68,2.1
4-04672-7501,74-R1,149-47 22 AVENUE,WHITESTONE,R2-WALK-UP,20,1947,14950,224250,15,819000,55,4-00893-0002,19-09 21 AVENUE,ASTORIA,C9-WALK-UP,27,1949,20763,345970,16.66,1370000,66,5.2,4-00893-0101,20-01 21 AVENUE,ASTORIA,C9-WALK-UP,27,1949,20763,347342,16.73,1370000,66,5.2
4-04952-7501,423-R1,32-05 LINDEN PLACE,FLUSHING-NORTH,R2-WALK-UP,18,2002,16915,321385,19,1270002,75,4-05024-0019,144-20 38 AVENUE,FLUSHING-NORTH,D1-ELEVATOR,70,1969,58411,1074251,18.39,4250000,73,0.65,4-05182-0009,140-26 FRANKLIN AVENUE,FLUSHING-NORTH,D1-ELEVATOR,54,1999,53860,1013751,18.82,4010000,74,0.9
4-04956-7501,222-R1,35-45 LEAVITT STREET,FLUSHING-NORTH,R4-ELEVATOR,24,1987,23100,323400,14,1180001,51,4-04954-0131,32-08 UNION STREET,FLUSHING-NORTH,D1-ELEVATOR,27,1999,35100,459108,13.08,1680000,47.9,0.15,4-04994-0041,140-74 34 AVENUE,FLUSHING-NORTH,D7-ELEVATOR,44,1987,38640,668155,17.29,2640000,68,0.15
4-04958-7501,431-R1,134-38 35 AVENUE,FLUSHING-NORTH,R2-WALK-UP,12,1996,8730,126585,14.5,461998,53,4-03359-0011,123-20 82 AVENUE,KEW GARDENS,D7-ELEVATOR,18,1996,12905,238715,18.5,945000,73,3.55,4-04954-0131,32-08 UNION STREET,FLUSHING-NORTH,D1-ELEVATOR,27,1999,35100,459108,13.08,1680000,47.9,0.4
4-04970-7501,511-R1,59-05 MAIN STREET,FLUSHING-NORTH,R4-ELEVATOR,47,2003,48785,1463550,30,7009991,144,4-04977-0017,136-14 NORTHERN BOULEVARD,FLUSHING-NORTH,D6-ELEVATOR,63,2000,52477,1269490,24.19,5510000,105,0.25,4-09760-0022,90-05 161 STREET,JAMAICA,D6-ELEVATOR,96,2003,54496,1451036,26.6,6300000,116,4.25
4-04971-7501,446-R1,135-37 37 AVENUE,FLUSHING-NORTH,R4-ELEVATOR,20,2004,14250,342000,24,1490002,105,4-03169-0021,99-22 67 ROAD,REGO PARK,D3-ELEVATOR,29,2001,22662,584508,25.8,2540000,112,2.8,4-04977-0017,136-14 NORTHERN BOULEVARD,FLUSHING-NORTH,D6-ELEVATOR,63,2000,52477,1269490,24.19,5510000,105,0.15
4-04977-7501,71-R1,136-75 37 AVENUE,FLUSHING-NORTH,R4-ELEVATOR,80,1983,87612,1577016,18,6240010,71,4-05182-0009,140-26 FRANKLIN AVENUE,FLUSHING-NORTH,D1-ELEVATOR,54,1999,53860,1013751,18.82,4010000,74,0.55,4-04977-0090,136-45 37 AVENUE,FLUSHING-NORTH,D6-ELEVATOR,64,1997,71600,1316551,18.39,5210000,73,0
4-04981-7501,10-R1,140-55 34 AVENUE,FLUSHING-NORTH,R4-ELEVATOR,11,1967,12655,177170,14,646998,51,4-04981-0050,33-14 PARSONS BOULEVARD,FLUSHING-NORTH,D1-ELEVATOR,114,1963,99162,1365108,13.77,4980000,50,0,4-05021-0001,142-01 41 AVENUE,FLUSHING-NORTH,D1-ELEVATOR,106,1963,102023,1478626,14.49,5400000,53,0.5
4-04981-7501,10-R4,140-55 34 AVENUE,FLUSHING-NORTH,R4-ELEVATOR,80,1967,97877,1370278,14,4999994,51,4-04981-0050,33-14 PARSONS BOULEVARD,FLUSHING-NORTH,D1-ELEVATOR,114,1963,99162,1365108,13.77,4980000,50,0,4-05021-0001,142-01 41 AVENUE,FLUSHING-NORTH,D1-ELEVATOR,106,1963,102023,1478626,14.49,5400000,53,0.5
4-04994-7501,85-R1,139-35 35 AVENUE,FLUSHING-NORTH,R4-ELEVATOR,36,1984,34314,583338,17,2309996,67,4-05046-0045,142-09 BARCLAY AVENUE,FLUSHING-NORTH,D1-ELEVATOR,42,1970,38657,535482,13.85,1950000,50,0.5,4-05013-0038,37-14 PARSONS BOULEVARD,FLUSHING-NORTH,D1-ELEVATOR,173,1972,113522,2076317,18.29,8220000,72,0.25
4-04994-7502,103-R1,140-44 34 AVENUE,FLUSHING-NORTH,R4-ELEVATOR,15,1985,10668,186690,17.5,738999,69,4-03359-0011,123-20 82 AVENUE,KEW GARDENS,D7-ELEVATOR,18,1996,12905,238715,18.5,945000,73,3.75,4-05046-0045,142-09 BARCLAY AVENUE,FLUSHING-NORTH,D1-ELEVATOR,42,1970,38657,535482,13.85,1950000,50,0.5
4-04994-7503,220-R1,140-40 34 AVENUE,FLUSHING-NORTH,R4-ELEVATOR,16,1988,16140,266310,16.5,1049997,65,4-05046-0045,142-09 BARCLAY AVENUE,FLUSHING-NORTH,D1-ELEVATOR,42,1970,38657,535482,13.85,1950000,50,0.5,4-03359-0011,123-20 82 AVENUE,KEW GARDENS,D7-ELEVATOR,18,1996,12905,238715,18.5,945000,73,3.75
4-04994-7504,398-R1,139-87 35 AVENUE,FLUSHING-NORTH,R4-ELEVATOR,19,1997,16164,323280,20,1399998,87,4-05182-0009,140-26 FRANKLIN AVENUE,FLUSHING-NORTH,D1-ELEVATOR,54,1999,53860,1013751,18.82,4010000,74,0.7,4-04977-0021,137-02 NORTHERN BOULEVARD,FLUSHING-NORTH,D1-ELEVATOR,71,2000,67324,1307992,19.43,5680000,84,0.3
4-05002-7501,213-R1,139-76 35 AVENUE,FLUSHING-NORTH,R4-ELEVATOR,48,1987,31360,517440,16.5,2049995,65,4-05182-0009,140-26 FRANKLIN AVENUE,FLUSHING-NORTH,D1-ELEVATOR,54,1999,53860,1013751,18.82,4010000,74,0.65,4-07117-0189,193-02 HOR HARDING EXPWY,FRESH MEADOWS,D7-ELEVATOR,40,1988,51125,884462,17.3,3500000,68,2.8
4-05004-7501,181-R1,35-20 147 STREET,FLUSHING-NORTH,R4-ELEVATOR,66,1988,76680,1303560,17,5159995,67,4-05182-0009,140-26 FRANKLIN AVENUE,FLUSHING-NORTH,D1-ELEVATOR,54,1999,53860,1013751,18.82,4010000,74,0.7,4-07117-0189,193-02 HOR HARDING EXPWY,FRESH MEADOWS,D7-ELEVATOR,40,1988,51125,884462,17.3,3500000,68,2.6
4-05004-7502,439-R1,146-14 35 AVENUE,FLUSHING-NORTH,R4-ELEVATOR,18,2003,18730,393330,21,1710003,91,4-05182-0009,140-26 FRANKLIN AVENUE,FLUSHING-NORTH,D1-ELEVATOR,54,1999,53860,1013751,18.82,4010000,74,0.7,4-04977-0017,136-14 NORTHERN BOULEVARD,FLUSHING-NORTH,D6-ELEVATOR,63,2000,52477,1269490,24.19,5510000,105,0.55
4-05005-7501,316-R1,147-20 35 AVENUE,FLUSHING-NORTH,R4-ELEVATOR,84,1986,66756,1268364,19,5020000,75,4-05182-0009,140-26 FRANKLIN AVENUE,FLUSHING-NORTH,D1-ELEVATOR,54,1999,53860,1013751,18.82,4010000,74,0.7,,,,,,,,,,,,
4-05010-7501,25-R1,36-41 UNION STREET,FLUSHING-NORTH,R4-ELEVATOR,41,1979,37255,633335,17,2510006,67,4-05182-0009,140-26 FRANKLIN AVENUE,FLUSHING-NORTH,D1-ELEVATOR,54,1999,53860,1013751,18.82,4010000,74,0.55,4-04954-0131,32-08 UNION STREET,FLUSHING-NORTH,D1-ELEVATOR,27,1999,35100,459108,13.08,1680000,47.9,0.35
4-05010-7502,151-R1,36-25 UNION STREET,FLUSHING-NORTH,R4-ELEVATOR,63,1987,66196,1224626,18.5,4849996,73,4-04994-0070,139-81 35 AVENUE,FLUSHING-NORTH,D1-ELEVATOR,103,1971,78474,1497073,19.08,6500000,83,0.2,4-05022-0018,143-18 38 AVENUE,FLUSHING-NORTH,D1-ELEVATOR,109,1971,80241,1318100,16.43,5220000,65,0.2
4-05010-7504,472-R1,142-25 37 AVENUE,FLUSHING-NORTH,R4-ELEVATOR,30,2005,20352,508800,25,2209992,109,4-04977-0017,136-14 NORTHERN BOULEVARD,FLUSHING-NORTH,D6-ELEVATOR,63,2000,52477,1269490,24.19,5510000,105,0.15,4-03169-0021,99-22 67 ROAD,REGO PARK,D3-ELEVATOR,29,2001,22662,584508,25.8,2540000,112,3.05
4-05013-7501,540-R1,143-36 37 AVENUE,FLUSHING-NORTH,R4-ELEVATOR,19,2005,21000,525000,25,2280005,109,4-04977-0017,136-14 NORTHERN BOULEVARD,FLUSHING-NORTH,D6-ELEVATOR,63,2000,52477,1269490,24.19,5510000,105,0.3,4-03169-0021,99-22 67 ROAD,REGO PARK,D3-ELEVATOR,29,2001,22662,584508,25.8,2540000,112,3.1
4-05014-7501,255-R1,144-63 37 AVENUE,FLUSHING-NORTH,R4-ELEVATOR,16,1989,10480,178160,17,705001,67,4-04995-0024,144-22 34 AVENUE,FLUSHING-NORTH,C1-WALK-UP,14,1976,10032,134042,13.36,489000,48.7,0.15,4-05024-0016,144-14 38 AVENUE,FLUSHING-NORTH,C1-WALK-UP,16,1980,11159,192492,17.25,762000,68,0.1
4-05015-7501,245-R1,144-34 37 AVENUE,FLUSHING-NORTH,R2-WALK-UP,16,1988,13997,209955,15,766000,55,4-04995-0024,144-22 34 AVENUE,FLUSHING-NORTH,C1-WALK-UP,14,1976,10032,134042,13.36,489000,48.7,0.2,4-05024-0016,144-14 38 AVENUE,FLUSHING-NORTH,C1-WALK-UP,16,1980,11159,192492,17.25,762000,68,0.05
4-05017-7501,263-R1,37-31 149 STREET,FLUSHING-NORTH,R9-CONDOPS,29,1955,27000,405000,15,1520000,56,4-05013-0016,143-20 37 AVENUE,FLUSHING-NORTH,C1-WALK-UP,36,1941,32370,432786,13.37,1580000,48.8,0.4,4-03874-0078,89-15 73 AVENUE,GLENDALE,C9-WALK-UP,52,1950,45040,798954,17.74,3160000,70,4.45
4-05020-7501,134-R1,142-36 38 AVENUE,FLUSHING-NORTH,R4-ELEVATOR,18,1987,18120,298980,16.5,1180001,65,4-05182-0009,140-26 FRANKLIN AVENUE,FLUSHING-NORTH,D1-ELEVATOR,54,1999,53860,1013751,18.82,4010000,74,0.4,4-04954-0131,32-08 UNION STREET,FLUSHING-NORTH,D1-ELEVATOR,27,1999,35100,459108,13.08,1680000,47.9,0.5
4-05020-7502,427-R1,142-18 38 AVENUE,FLUSHING-NORTH,R4-ELEVATOR,50,2001,48993,1028853,21,4470005,91,4-05182-0009,140-26 FRANKLIN AVENUE,FLUSHING-NORTH,D1-ELEVATOR,54,1999,53860,1013751,18.82,4010000,74,0.4,4-04977-0017,136-14 NORTHERN BOULEVARD,FLUSHING-NORTH,D6-ELEVATOR,63,2000,52477,1269490,24.19,5510000,105,0.2
4-05022-7502,162-R1,143-51 ROOSEVELT AVENUE,FLUSHING-NORTH,R4-ELEVATOR,134,1987,98000,1960000,20,8509987,87,4-05022-0018,143-18 38 AVENUE,FLUSHING-NORTH,D1-ELEVATOR,109,1971,80241,1318100,16.43,5220000,65,0,4-05863-0250,23-50 CORPORAL KENNEDY ST,BAYSIDE,D9-ELEVATOR,150,1981,124877,2059460,16.49,4820000,38.6,2.55
4-05022-7503,581-R1,38-34 PARSONS BOULEVARD,FLUSHING-NORTH,R4-ELEVATOR,40,2007,40400,888800,22,3859998,96,4-04977-0017,136-14 NORTHERN BOULEVARD,FLUSHING-NORTH,D6-ELEVATOR,63,2000,52477,1269490,24.19,5510000,105,0.35,4-03169-0021,99-22 67 ROAD,REGO PARK,D3-ELEVATOR,29,2001,22662,584508,25.8,2540000,112,3.05
4-05024-7501,42-R1,144-77 ROOSEVELT AVENUE,FLUSHING-NORTH,R4-ELEVATOR,80,1983,101624,2032480,20,8829996,87,4-04954-0131,32-08 UNION STREET,FLUSHING-NORTH,D1-ELEVATOR,27,1999,35100,459108,13.08,1680000,47.9,0.55,,,,,,,,,,,,
4-05024-7502,81-R1,38-08 147 STREET,FLUSHING-NORTH,R4-ELEVATOR,33,1984,37304,671472,18,2660003,71,4-05121-0050,134-37 MAPLE AVENUE,FLUSHING-NORTH,D1-ELEVATOR,49,1968,33490,450440,13.45,1640000,49,0.65,,,,,,,,,,,,
4-05024-7503,238-R1,144-68 38 AVENUE,FLUSHING-NORTH,R4-ELEVATOR,24,1989,17905,340195,19,1350002,75,4-02225-0030,109-19 72 AVENUE,FOREST HILLS,D7-ELEVATOR,18,1986,18700,303875,16.25,1200000,64,3.05,4-05025-0025,144-40 ROOSEVELT AVENUE,FLUSHING-NORTH,C7-WALK-UP,23,1976,21426,369598,17.25,1460000,68,0.1
4-05024-7504,424-R1,38-22 147 STREET,FLUSHING-NORTH,R4-ELEVATOR,32,2002,22936,504592,22,2190000,95,4-05182-0009,140-26 FRANKLIN AVENUE,FLUSHING-NORTH,D1-ELEVATOR,54,1999,53860,1013751,18.82,4010000,74,0.5,4-09760-0022,90-05 161 STREET,JAMAICA,D6-ELEVATOR,96,2003,54496,1451036,26.6,6300000,116,4.1
4-05025-7501,413-R1,144-48 ROOSEVELT AVENUE,FLUSHING-NORTH,R4-ELEVATOR,26,2001,22635,475335,21,2059995,91,4-05182-0009,140-26 FRANKLIN AVENUE,FLUSHING-NORTH,D1-ELEVATOR,54,1999,53860,1013751,18.82,4010000,74,0.4,4-09760-0022,90-05 161 STREET,JAMAICA,D6-ELEVATOR,96,2003,54496,1451036,26.6,6300000,116,4.05
4-05026-7501,111-R1,147-37 ROOSEVELT AVENUE,FLUSHING-NORTH,R4-ELEVATOR,48,1956,53920,754880,14,2759991,51,4-05049-0006,143-06 BARCLAY AVENUE,FLUSHING-NORTH,D1-ELEVATOR,96,1950,79448,1232476,15.51,4880000,61,0.4,4-05026-0024,147-30 38 AVENUE,FLUSHING-NORTH,D1-ELEVATOR,72,1959,57425,944466,16.45,3740000,65,0
4-05027-7501,176-R1,147-26 ROOSEVELT AVENUE,FLUSHING-NORTH,R2-WALK-UP,14,1987,19398,310368,16,1230002,63,4-05024-0016,144-14 38 AVENUE,FLUSHING-NORTH,C1-WALK-UP,16,1980,11159,192492,17.25,762000,68,0.2,4-05124-0012,134-10 BLOSSOM AVENUE,FLUSHING-NORTH,C7-WALK-UP,12,1991,8680,131473,15.15,520000,60,0.9
4-05027-7502,261-R1,147-48 ROOSEVELT AVENUE,FLUSHING-NORTH,R2-WALK-UP,36,1988,36340,0,0,2229998,61,4-04995-0024,144-22 34 AVENUE,FLUSHING-NORTH,C1-WALK-UP,14,1976,10032,134042,13.36,489000,48.7,0.4,4-05024-0016,144-14 38 AVENUE,FLUSHING-NORTH,C1-WALK-UP,16,1980,11159,192492,17.25,762000,68,0.2
4-05039-7502,428-R1,41-05 COLLEGE POINT BOULE,FLUSHING-NORTH,R4-ELEVATOR,47,2002,41800,794200,19,3140002,75,4-05182-0009,140-26 FRANKLIN AVENUE,FLUSHING-NORTH,D1-ELEVATOR,54,1999,53860,1013751,18.82,4010000,74,0.5,4-09760-0022,90-05 161 STREET,JAMAICA,D6-ELEVATOR,96,2003,54496,1451036,26.6,6300000,116,3.95
4-05040-7501,458-R1,132-03 SANFORD AVENUE,FLUSHING-NORTH,R4-ELEVATOR,50,2004,48753,1072566,22,4660004,96,4-09760-0022,90-05 161 STREET,JAMAICA,D6-ELEVATOR,96,2003,54496,1451036,26.6,6300000,116,3.9,,,,,,,,,,,,
4-05041-7504,383-R1,133-25 41 ROAD,FLUSHING-NORTH,R4-ELEVATOR,13,1995,15630,265710,17,1049999,67,4-05182-0009,140-26 FRANKLIN AVENUE,FLUSHING-NORTH,D1-ELEVATOR,54,1999,53860,1013751,18.82,4010000,74,0.4,4-05044-0063,138-47 BARCLAY AVENUE,FLUSHING-NORTH,D1-ELEVATOR,66,1996,71456,1094450,15.32,4330000,61,0.2
4-05042-7501,164-R1,133-36 41 ROAD,FLUSHING-NORTH,R4-ELEVATOR,64,1987,72300,1373700,19,5439995,75,4-04994-0070,139-81 35 AVENUE,FLUSHING-NORTH,D1-ELEVATOR,103,1971,78474,1497073,19.08,6500000,83,0.7,4-05025-0008,144-10 ROOSEVELT AVENUE,FLUSHING-NORTH,D7-ELEVATOR,84,1973,65292,1324095,20.28,5750000,88,0.65
4-05042-7504,401-R1,133-47 SANFORD AVENUE,FLUSHING-NORTH,R4-ELEVATOR,58,2000,83284,1582396,19,6259998,75,4-09760-0022,90-05 161 STREET,JAMAICA,D6-ELEVATOR,96,2003,54496,1451036,26.6,6300000,116,3.9,4-04977-0021,137-02 NORTHERN BOULEVARD,FLUSHING-NORTH,D1-ELEVATOR,71,2000,67324,1307992,19.43,5680000,84,0.4
4-05043-7501,157-R1,136-05 SANFORD AVENUE,FLUSHING-NORTH,R9-CONDOPS,103,1929,92000,1242000,13.5,4410000,47.9,4-05182-0015,142-02 FRANKLIN AVENUE,FLUSHING-NORTH,D1-ELEVATOR,55,1929,50909,669027,13.14,2440000,47.9,0.3,4-05182-0001,140-02 FRANKLIN AVENUE,FLUSHING-NORTH,D1-ELEVATOR,120,1929,119185,1649017,13.84,6020000,51,0.3
4-05044-7501,182-R1,41-25 KISSENA BOULEVARD,FLUSHING-NORTH,R4-ELEVATOR,204,1963,189000,2929500,15.5,11600004,61,4-05049-0043,143-33 SANFORD AVENUE,FLUSHING-NORTH,D7-ELEVATOR,181,1960,137927,2209521,16.02,8750000,63,0.3,4-05025-0064,144-45 41 AVENUE,FLUSHING-NORTH,D1-ELEVATOR,137,1962,107761,1675914,15.55,6630000,62,0.45
4-05045-7501,108-R1,41-40 UNION STREET,FLUSHING-NORTH,R4-ELEVATOR,351,1974,333006,5328096,16,21100013,63,4-05137-0005,43-23 COLDEN STREET,FLUSHING-NORTH,D7-ELEVATOR,322,1965,317305,5169402,16.29,20500000,65,0.3,4-05136-0008,42-45 MAIN STREET,FLUSHING-NORTH,D7-ELEVATOR,171,1962,130118,2442314,18.77,9670000,74,0.3
4-05048-7501,51-R1,143-37 BARCLAY AVENUE,FLUSHING-NORTH,R2-WALK-UP,36,1982,34587,518805,15,1890000,55,4-05285-0010,163-02 CROCHERON AVENUE,FLUSHING-NORTH,C7-WALK-UP,15,1964,11866,202446,17.06,801000,68,1.05,4-05024-0016,144-14 38 AVENUE,FLUSHING-NORTH,C1-WALK-UP,16,1980,11159,192492,17.25,762000,68,0.2
4-05048-7502,200-R1,41-07 BOWNE STREET,FLUSHING-NORTH,R4-ELEVATOR,83,1962,77620,1164300,15,4249997,55,4-04995-0073,144-27 35 AVENUE,FLUSHING-NORTH,D1-ELEVATOR,84,1969,76140,1172483,15.4,4640000,61,0.45,4-05022-0018,143-18 38 AVENUE,FLUSHING-NORTH,D1-ELEVATOR,109,1971,80241,1318100,16.43,5220000,65,0.15
4-05050-7501,235-R1,144-23 BARCLAY AVENUE,FLUSHING-NORTH,R4-ELEVATOR,24,1988,25333,405328,16,1599999,63,4-05025-0008,144-10 ROOSEVELT AVENUE,FLUSHING-NORTH,D7-ELEVATOR,84,1973,65292,1324095,20.28,5750000,88,0.05,4-07117-0189,193-02 HOR HARDING EXPWY,FRESH MEADOWS,D7-ELEVATOR,40,1988,51125,884462,17.3,3500000,68,2.4
4-05051-7501,352-R1,144-28 BARCLAY AVENUE,FLUSHING-NORTH,R4-ELEVATOR,32,1990,38680,657560,17,2599996,67,4-04994-0041,140-74 34 AVENUE,FLUSHING-NORTH,D7-ELEVATOR,44,1987,38640,668155,17.29,2640000,68,0.55,4-05044-0063,138-47 BARCLAY AVENUE,FLUSHING-NORTH,D1-ELEVATOR,66,1996,71456,1094450,15.32,4330000,61,0.45
4-05051-7502,405-R1,41-33 PARSONS BOULEVARD,FLUSHING-NORTH,R4-ELEVATOR,18,2000,20448,388512,19,1539990,75,4-05182-0009,140-26 FRANKLIN AVENUE,FLUSHING-NORTH,D1-ELEVATOR,54,1999,53860,1013751,18.82,4010000,74,0.35,4-04977-0017,136-14 NORTHERN BOULEVARD,FLUSHING-NORTH,D6-ELEVATOR,63,2000,52477,1269490,24.19,5510000,105,0.6
4-05052-7501,186-R1,147 BARCLAY AVENUE,FLUSHING-NORTH,R4-ELEVATOR,22,1987,19037,304592,16,1210001,64,4-07117-0189,193-02 HOR HARDING EXPWY,FRESH MEADOWS,D7-ELEVATOR,40,1988,51125,884462,17.3,3500000,68,2.3,4-05025-0008,144-10 ROOSEVELT AVENUE,FLUSHING-NORTH,D7-ELEVATOR,84,1973,65292,1324095,20.28,5750000,88,0.15
4-05062-7501,433-R1,41-28 HAIGHT STREET,FLUSHING-NORTH,R4-ELEVATOR,17,2003,15189,334158,22,1450000,95,4-05182-0009,140-26 FRANKLIN AVENUE,FLUSHING-NORTH,D1-ELEVATOR,54,1999,53860,1013751,18.82,4010000,74,0.6,4-04977-0017,136-14 NORTHERN BOULEVARD,FLUSHING-NORTH,D6-ELEVATOR,63,2000,52477,1269490,24.19,5510000,105,0.6
4-05102-7501,361-R1,132-48 MAPLE AVENUE,FLUSHING-NORTH,R2-WALK-UP,16,1990,11250,174375,15.5,689994,61,4-05124-0012,134-10 BLOSSOM AVENUE,FLUSHING-NORTH,C7-WALK-UP,12,1991,8680,131473,15.15,520000,60,0.2,4-03083-0079,95-11 64 ROAD,REGO PARK,C1-WALK-UP,32,1993,27907,494807,17.73,1960000,70,2.35
4-05102-7502,516-R1,132-37 POPLE AVENUE,FLUSHING-NORTH,R4-ELEVATOR,15,2005,17655,423720,24,1840002,104,4-04977-0017,136-14 NORTHERN BOULEVARD,FLUSHING-NORTH,D6-ELEVATOR,63,2000,52477,1269490,24.19,5510000,105,0.6,4-05182-0009,140-26 FRANKLIN AVENUE,FLUSHING-NORTH,D1-ELEVATOR,54,1999,53860,1013751,18.82,4010000,74,0.45
4-05105-7501,150-R1,132-18 AVERY AVENUE,FLUSHING-NORTH,R4-ELEVATOR,14,1987,12336,185040,15,674997,55,4-03359-0011,123-20 82 AVENUE,KEW GARDENS,D7-ELEVATOR,18,1996,12905,238715,18.5,945000,73,2.8,4-05124-0012,134-10 BLOSSOM AVENUE,FLUSHING-NORTH,C7-WALK-UP,12,1991,8680,131473,15.15,520000,60,0.15
4-05193-7501,403-R1,43-73 UNION STREET,FLUSHING-NORTH,R4-ELEVATOR,23,1999,16383,262128,16,1039999,63,4-05044-0063,138-47 BARCLAY AVENUE,FLUSHING-NORTH,D1-ELEVATOR,66,1996,71456,1094450,15.32,4330000,61,0.5,,,,,,,,,,,,
4-05105-7502,429-R1,133-38 AVERY AVENUE,FLUSHING-NORTH,R4-ELEVATOR,24,2001,22116,375972,17,1489997,67,4-05182-0009,140-26 FRANKLIN AVENUE,FLUSHING-NORTH,D1-ELEVATOR,54,1999,53860,1013751,18.82,4010000,74,0.45,4-05044-0063,138-47 BARCLAY AVENUE,FLUSHING-NORTH,D1-ELEVATOR,66,1996,71456,1094450,15.32,4330000,61,0.45
4-05122-7501,165-R1,134-46 MAPLE AVENUE,FLUSHING-NORTH,R4-ELEVATOR,27,1987,23951,383216,16,1519993,63,4-04994-0041,140-74 34 AVENUE,FLUSHING-NORTH,D7-ELEVATOR,44,1987,38640,668155,17.29,2640000,68,0.8,4-05124-0012,134-10 BLOSSOM AVENUE,FLUSHING-NORTH,C7-WALK-UP,12,1991,8680,131473,15.15,520000,60,0.15
4-05125-7501,119-R1,13-40 DAHLIA AVENUE,FLUSHING-NORTH,R2-WALK-UP,48,1965,37660,489580,13,1789995,47.5,4-04256-0030,25-60 COLLEGE POINT BOULE,COLLEGE POINT,C1-WALK-UP,15,1964,11196,153497,13.71,560000,50,1.95,4-05117-0001,133-01 BOOTH MEMORIAL AVE,FLUSHING-NORTH,C1-WALK-UP,36,1957,19836,257074,12.96,938000,47.3,0.3
4-05125-7502,443-R1,43-18 MAIN STREET,FLUSHING-NORTH,R4-ELEVATOR,66,2001,64520,1548480,24,6719994,104,4-05182-0009,140-26 FRANKLIN AVENUE,FLUSHING-NORTH,D1-ELEVATOR,54,1999,53860,1013751,18.82,4010000,74,0.4,4-04977-0017,136-14 NORTHERN BOULEVARD,FLUSHING-NORTH,D6-ELEVATOR,63,2000,52477,1269490,24.19,5510000,105,0.75
4-05131-7501,125-R1,55-16 MAIN STREET,FLUSHING-NORTH,R2-WALK-UP,16,1986,20020,310310,15.5,1230002,61,4-04994-0041,140-74 34 AVENUE,FLUSHING-NORTH,D7-ELEVATOR,44,1987,38640,668155,17.29,2640000,68,1.2,4-05124-0012,134-10 BLOSSOM AVENUE,FLUSHING-NORTH,C7-WALK-UP,12,1991,8680,131473,15.15,520000,60,0.25
4-05134-7501,104-R1,42-20 KISSENA BOULEVARD,FLUSHING-NORTH,R4-ELEVATOR,102,1985,170000,2550000,15,9309999,55,4-07117-0189,193-02 HOR HARDING EXPWY,FRESH MEADOWS,D7-ELEVATOR,40,1988,51125,884462,17.3,3500000,68,2.6,4-04994-0017,140-16 34 AVENUE,FLUSHING-NORTH,D3-ELEVATOR,151,1985,158456,2527071,15.95,10000000,63,0.7
4-05134-7502,246-R1,136-17 MAPLE AVENUE,FLUSHING-NORTH,R4-ELEVATOR,68,1989,89200,1427200,16,5650001,63,4-05863-0250,23-50 CORPORAL KENNEDY ST,BAYSIDE,D9-ELEVATOR,150,1981,124877,2059460,16.49,4820000,38.6,2.95,4-04994-0017,140-16 34 AVENUE,FLUSHING-NORTH,D3-ELEVATOR,151,1985,158456,2527071,15.95,10000000,63,0.7
4-05135-7501,114-R1,136-24 MAPLE AVENUE,FLUSHING-NORTH,R4-ELEVATOR,48,1986,62720,1066240,17,4220000,67,4-04994-0017,140-16 34 AVENUE,FLUSHING-NORTH,D3-ELEVATOR,151,1985,158456,2527071,15.95,10000000,63,0.75,4-05863-0250,23-50 CORPORAL KENNEDY ST,BAYSIDE,D9-ELEVATOR,150,1981,124877,2059460,16.49,4820000,38.6,2.95
4-05137-7501,121-R1,138-35 ELDER AVENUE,FLUSHING-NORTH,R4-ELEVATOR,227,1986,232145,3482175,15,12700001,55,4-04994-0017,140-16 34 AVENUE,FLUSHING-NORTH,D3-ELEVATOR,151,1985,158456,2527071,15.95,10000000,63,0.85,4-05137-0093,43-44 KISSENA BOULEVARD,FLUSHING-NORTH,D7-ELEVATOR,287,1962,267554,3783213,14.14,13800000,52,0
4-05137-7502,273-R1,137-10 FRANKLIN AVENUE,FLUSHING-NORTH,R4-ELEVATOR,89,1961,75515,1027004,13.6,3750004,49.7,4-05053-0011,147-25 SANFORD AVENUE,FLUSHING-NORTH,D1-ELEVATOR,90,1963,76649,940313,12.27,3240000,42.3,0.65,4-05140-0006,136-04 CHERRY AVENUE,FLUSHING-NORTH,D7-ELEVATOR,88,1960,74807,1160256,15.51,4590000,61,0.15
4-05137-7503,390-R1,42-31 COLDEN STREET,FLUSHING-NORTH,R4-ELEVATOR,72,1997,77117,1310989,17,5189996,67,4-05044-0063,138-47 BARCLAY AVENUE,FLUSHING-NORTH,D1-ELEVATOR,66,1996,71456,1094450,15.32,4330000,61,0.35,4-05182-0009,140-26 FRANKLIN AVENUE,FLUSHING-NORTH,D1-ELEVATOR,54,1999,53860,1013751,18.82,4010000,74,0.2
4-05180-7501,101-R3,42-42 UNION STREET,FLUSHING-NORTH,R4-ELEVATOR,57,1986,43200,669600,15.5,2649995,61,4-04994-0017,140-16 34 AVENUE,FLUSHING-NORTH,D3-ELEVATOR,151,1985,158456,2527071,15.95,10000000,63,0.65,4-05137-0093,43-44 KISSENA BOULEVARD,FLUSHING-NORTH,D7-ELEVATOR,287,1962,267554,3783213,14.14,13800000,52,0.2
4-05180-7502,323-R1,42-22 UNION STREET,FLUSHING-NORTH,R4-ELEVATOR,32,1990,36336,526872,14.5,1920000,53,4-07117-0189,193-02 HOR HARDING EXPWY,FRESH MEADOWS,D7-ELEVATOR,40,1988,51125,884462,17.3,3500000,68,2.5,4-05046-0045,142-09 BARCLAY AVENUE,FLUSHING-NORTH,D1-ELEVATOR,42,1970,38657,535482,13.85,1950000,50,0.2
4-05181-7501,536-R1,42-47 UNION STREET,FLUSHING-NORTH,R4-ELEVATOR,14,2005,15229,380725,25,1650000,108,4-04977-0017,136-14 NORTHERN BOULEVARD,FLUSHING-NORTH,D6-ELEVATOR,63,2000,52477,1269490,24.19,5510000,105,0.5,4-03169-0021,99-22 67 ROAD,REGO PARK,D3-ELEVATOR,29,2001,22662,584508,25.8,2540000,112,2.75
4-05185-7501,555-R1,43-43 ASH AVENUE,FLUSHING-NORTH,R4-ELEVATOR,80,1958,75600,1058400,14,3859993,51,4-05185-0014,140-18 ASH AVENUE,FLUSHING-NORTH,D1-ELEVATOR,54,1932,38806,546000,14.07,1990000,51,0,4-05186-0029,140-60 BEECH AVENUE,FLUSHING-NORTH,D1-ELEVATOR,124,1959,96774,1368406,14.14,4990000,52,0.05
4-05186-7501,240-R1,43-55 KISSENA BOULEVARD,FLUSHING-NORTH,R9-CONDOPS,56,1938,53000,715500,13.5,2560000,48.3,4-05185-0037,140-70 ASH AVENUE,FLUSHING-NORTH,D1-ELEVATOR,47,1932,38911,517127,13.29,1890000,48.6,0.05,4-05294-0006,36-35 167 STREET,FLUSHING-NORTH,D1-ELEVATOR,73,1942,66795,920696,13.78,3360000,50,1.3
4-05186-7502,471-R1,140-37 CHERRY AVENUE,FLUSHING-NORTH,R4-ELEVATOR,21,2004,14912,357888,24,1549998,104,4-05182-0009,140-26 FRANKLIN AVENUE,FLUSHING-NORTH,D1-ELEVATOR,54,1999,53860,1013751,18.82,4010000,74,0.1,4-04977-0017,136-14 NORTHERN BOULEVARD,FLUSHING-NORTH,D6-ELEVATOR,63,2000,52477,1269490,24.19,5510000,105,0.65
4-05192-7501,510-R1,140-14 CHERRY AVENUE,FLUSHING-NORTH,R4-ELEVATOR,12,2005,12712,266952,21,1160007,91,4-03169-0021,99-22 67 ROAD,REGO PARK,D3-ELEVATOR,29,2001,22662,584508,25.8,2540000,112,2.65,4-05182-0009,140-26 FRANKLIN AVENUE,FLUSHING-NORTH,D1-ELEVATOR,54,1999,53860,1013751,18.82,4010000,74,0.2
4-05193-7502,501-R1,43-21 UNION STREET,FLUSHING-NORTH,R4-ELEVATOR,24,2005,62800,1318800,21,5729998,91,4-04977-0017,136-14 NORTHERN BOULEVARD,FLUSHING-NORTH,D6-ELEVATOR,63,2000,52477,1269490,24.19,5510000,105,0.75,4-09760-0022,90-05 161 STREET,JAMAICA,D6-ELEVATOR,96,2003,54496,1451036,26.6,6300000,116,3.55
4-05281-7501,481-R1,35-91 161 STREET,FLUSHING-NORTH,R4-ELEVATOR,70,1929,53175,731156,13.75,2669997,50,4-05287-0020,36-14 165 STREET,FLUSHING-NORTH,D6-ELEVATOR,90,1930,87978,1276296,14.51,4660000,53,0.2,4-05185-0037,140-70 ASH AVENUE,FLUSHING-NORTH,D1-ELEVATOR,47,1932,38911,517127,13.29,1890000,48.6,1.15
4-05294-7501,199-R1,36-20 168 STREET,FLUSHING-NORTH,R4-ELEVATOR,78,1937,85000,1173000,13.8,4279987,50,4-05294-0006,36-35 167 STREET,FLUSHING-NORTH,D1-ELEVATOR,73,1942,66795,920696,13.78,3360000,50,0,4-05287-0020,36-14 165 STREET,FLUSHING-NORTH,D6-ELEVATOR,90,1930,87978,1276296,14.51,4660000,53,0.15
4-05301-7501,54-R1,170-20 CROCHERON AVENUE,FLUSHING-NORTH,R2-WALK-UP,24,1981,17340,242760,14,886006,51,4-05124-0012,134-10 BLOSSOM AVENUE,FLUSHING-NORTH,C7-WALK-UP,12,1991,8680,131473,15.15,520000,60,1.8,4-04996-0007,147-15 35 AVENUE,FLUSHING-NORTH,C1-WALK-UP,12,1962,8400,310296,36.9,1560000,186,1.3
4-05310-7501,538-R1,189-30 37 AVENUE,FLUSHING-NORTH,R2-WALK-UP,16,1932,17213,395899,23,1720000,100,4-06237-0040,213-03 41 AVENUE,BAYSIDE,C1-WALK-UP,14,1968,8577,220767,25.7,959000,112,1.1,4-05285-0010,163-02 CROCHERON AVENUE,FLUSHING-NORTH,C7-WALK-UP,15,1964,11866,202446,17.06,801000,68,0.55
4-05315-7501,171-R1,36-21 193 STREET,FLUSHING-NORTH,R4-ELEVATOR,15,1986,15096,211344,14,770999,51,4-05293-0045,166-15 DEPOT ROAD,FLUSHING-NORTH,C1-WALK-UP,16,1975,13549,154430,11.4,533000,39.3,0.55,4-05357-0001,192-07 42 AVENUE,FLUSHING-NORTH,C9-WALK-UP,26,1950,19489,312641,16.04,1240000,64,0.2
4-05333-7501,371-R1,160-21 SANFORD AVENUE,FLUSHING-NORTH,R2-WALK-UP,20,1991,19460,267575,13.75,977002,50,4-05331-0020,41-05 158 STREET,FLUSHING-NORTH,C1-WALK-UP,31,1926,20645,302089,14.63,1100000,53,0.1,4-05309-0003,36-03 191 STREET,FLUSHING-NORTH,C9-WALK-UP,36,1952,28432,347051,12.21,1200000,42.2,0.8
4-05374-7501,492-R1,42-11 PARSONS BOULEVARD,FLUSHING-NORTH,R4-ELEVATOR,20,2006,16385,327700,20,1420002,87,4-04977-0017,136-14 NORTHERN BOULEVARD,FLUSHING-NORTH,D6-ELEVATOR,63,2000,52477,1269490,24.19,5510000,105,0.65,4-05182-0009,140-26 FRANKLIN AVENUE,FLUSHING-NORTH,D1-ELEVATOR,54,1999,53860,1013751,18.82,4010000,74,0.3
4-05387-7501,191-R1,42-58 157 STREET,FLUSHING-NORTH,R4-ELEVATOR,16,1987,13000,182000,14,664002,51,4-05124-0012,134-10 BLOSSOM AVENUE,FLUSHING-NORTH,C7-WALK-UP,12,1991,8680,131473,15.15,520000,60,1.1,,,,,,,,,,,,
4-05390-7501,146-R1,42-49 159 STREET,FLUSHING-NORTH,R2-WALK-UP,20,1962,18010,252140,14,920002,51,4-01261-0058,34-27 74 STREET,JACKSON HEIGHTS,D3-ELEVATOR,26,1962,17256,313281,18.15,1240000,72,4.5,,,,,,,,,,,,
4-05415-7501,195-R1,43-04 158 STREET,FLUSHING-NORTH,R4-ELEVATOR,17,1987,16145,226030,14,825003,51,4-05124-0012,134-10 BLOSSOM AVENUE,FLUSHING-NORTH,C7-WALK-UP,12,1991,8680,131473,15.15,520000,60,1.1,4-04995-0024,144-22 34 AVENUE,FLUSHING-NORTH,C1-WALK-UP,14,1976,10032,134042,13.36,489000,48.7,0.95
4-05598-7501,49-R1,175-10 56 AVENUE,FLUSHING-NORTH,R2-WALK-UP,26,1982,23400,386100,16.5,1530016,65,4-12311-0050,156-01 NORTH CONDUIT AVEN,SPRINGFIELD GARDENS,C9-WALK-UP,46,1972,31365,520980,16.61,2060000,66,5.2,4-06206-0001,203-15 42 AVENUE,BAYSIDE,C9-WALK-UP,27,1948,20400,337305,16.53,1340000,66,1.5
4-05598-7501,49-R2,175-32 56 AVENUE,FLUSHING-NORTH,R2-WALK-UP,52,1982,46800,772200,16.5,3060003,65,4-06206-0001,203-15 42 AVENUE,BAYSIDE,C9-WALK-UP,27,1948,20400,337305,16.53,1340000,66,1.45,4-12311-0050,156-01 NORTH CONDUIT AVEN,SPRINGFIELD GARDENS,C9-WALK-UP,46,1972,31365,520980,16.61,2060000,66,5.1
4-05598-7501,49-R3,5603A UTOPIA PARKWAY,FLUSHING-NORTH,R2-WALK-UP,54,1982,48600,801900,16.5,3170020,65,4-06206-0001,203-15 42 AVENUE,BAYSIDE,C9-WALK-UP,27,1948,20400,337305,16.53,1340000,66,1.45,4-12311-0050,156-01 NORTH CONDUIT AVEN,SPRINGFIELD GARDENS,C9-WALK-UP,46,1972,31365,520980,16.61,2060000,66,5.1
4-05598-7501,49-R4,5627A 184 STREET,FLUSHING-NORTH,R2-WALK-UP,16,1982,14400,187200,13,638000,44.3,4-04995-0024,144-22 34 AVENUE,FLUSHING-NORTH,C1-WALK-UP,14,1976,10032,134042,13.36,489000,48.7,2.35,4-05293-0045,166-15 DEPOT ROAD,FLUSHING-NORTH,C1-WALK-UP,16,1975,13549,154430,11.4,533000,39.3,1.45
4-05598-7501,49-R5,1830A 58 AVENUE,FLUSHING-NORTH,R2-WALK-UP,14,1982,12600,163800,13,597996,47.5,4-04995-0024,144-22 34 AVENUE,FLUSHING-NORTH,C1-WALK-UP,14,1976,10032,134042,13.36,489000,48.7,2.4,4-05293-0045,166-15 DEPOT ROAD,FLUSHING-NORTH,C1-WALK-UP,16,1975,13549,154430,11.4,533000,39.3,1.5
4-05598-7501,49-R6,184-06 58 AVENUE,FLUSHING-NORTH,R2-WALK-UP,16,1982,14400,187200,13,683008,47.4,4-04995-0024,144-22 34 AVENUE,FLUSHING-NORTH,C1-WALK-UP,14,1976,10032,134042,13.36,489000,48.7,2.45,,,,,,,,,,,,
4-05893-7501,43-R1,209-90 23 AVENUE,BAYSIDE,R4-ELEVATOR,543,1983,515402,9277236,18,36699966,71,4-05865-0118,16-66 BELL BOULEVARD,BAYSIDE,D3-ELEVATOR,152,1973,147700,2795479,18.93,11100000,75,0.35,,,,,,,,,,,,
4-05893-7501,43-R2,209-90 23 AVENUE,BAYSIDE,R4-ELEVATOR,100,0,89015,1602270,18,6339994,71,4-05865-0118,16-66 BELL BOULEVARD,BAYSIDE,D3-ELEVATOR,152,1973,147700,2795479,18.93,11100000,75,0.35,,,,,,,,,,,,
4-05893-7501,43-R3,209-90 23 AVENUE,BAYSIDE,R4-ELEVATOR,240,1983,216662,3899916,18,15399987,71,4-05865-0112,16-70 BELL BOULEVARD,BAYSIDE,D3-ELEVATOR,152,1973,147700,2680755,18.15,10600000,72,0.35,4-05865-0118,16-66 BELL BOULEVARD,BAYSIDE,D3-ELEVATOR,152,1973,147700,2795479,18.93,11100000,75,0.35
4-05893-7501,43-R5,209-90 23 AVENUE,BAYSIDE,R4-ELEVATOR,138,1983,124491,2240838,18,8869998,71,4-05865-0112,16-70 BELL BOULEVARD,BAYSIDE,D3-ELEVATOR,152,1973,147700,2680755,18.15,10600000,72,0.35,4-05865-0118,16-66 BELL BOULEVARD,BAYSIDE,D3-ELEVATOR,152,1973,147700,2795479,18.93,11100000,75,0.35
4-05893-7501,43-R7,209-90 23 AVENUE,BAYSIDE,R4-ELEVATOR,16,1983,17949,394878,22,1709998,95,4-05865-0112,16-70 BELL BOULEVARD,BAYSIDE,D3-ELEVATOR,152,1973,147700,2680755,18.15,10600000,72,0.35,4-05865-0118,16-66 BELL BOULEVARD,BAYSIDE,D3-ELEVATOR,152,1973,147700,2795479,18.93,11100000,75,0.35
4-06284-7501,343-R1,213-02 42 AVENUE,BAYSIDE,R4-ELEVATOR,47,0,32208,483120,15,1760004,55,4-06024-0017,198-40 32 AVENUE,BAYSIDE,C1-WALK-UP,46,1931,36000,505497,14.04,1850000,51,1.15,,,,,,,,,,,,
4-06542-7501,109-R1,152-72 MELBOURNE AVENUE,FLUSHING-SOUTH,R4-ELEVATOR,90,1963,86652,1169802,13.5,4269989,49.3,4-06636-0001,135-10 GRAND CENTRAL PARK,BRIARWOOD,D1-ELEVATOR,181,1952,125164,1702230,13.6,6210000,49.6,1.25,,,,,,,,,,,,
4-06548-7501,148-R1,135 JEWEL AVENUE,FLUSHING-SOUTH,R2-WALK-UP,318,1950,219528,2908746,13.25,11639997,53,4-06793-0126,154-02 71 AVENUE,FLUSHING-SOUTH,C9-WALK-UP,180,1952,147558,1897595,12.86,6930000,47,0.85,4-07117-0008,67-00 192 STREET,FRESH MEADOWS,C9-WALK-UP,215,1950,205744,3352929,16.3,13300000,65,2.7
4-06713-7501,14-R1,150-38 UNION TURNPIKE,HILLCREST,R4-ELEVATOR,458,1967,454660,5683250,12.5,23500021,52,4-06712-0001,150-05 UNION TURNPIKE,FLUSHING-SOUTH,D7-ELEVATOR,186,1966,235016,2796112,11.9,9650000,41.1,0.1,4-08401-0600,245-10 GRND CNTRL PARKWAY,GLEN OAKS,D3-ELEVATOR,240,1966,263883,3522838,13.35,12900000,48.9,5
4-06797-7503,325-R1,158-13 72 AVENUE,FLUSHING-SOUTH,R4-ELEVATOR,71,1987,51125,920250,18,3549993,69,4-05182-0009,140-26 FRANKLIN AVENUE,FLUSHING-NORTH,D1-ELEVATOR,54,1999,53860,1013751,18.82,4010000,74,2,4-05865-0112,16-70 BELL BOULEVARD,BAYSIDE,D3-ELEVATOR,152,1973,147700,2680755,18.15,10600000,72,4.1
4-07353-7501,228-R1,201-02 ROCKY HILL ROAD,BAYSIDE,R2-WALK-UP,27,1950,18600,269700,14.5,794004,42.7,4-06266-0001,205-02 42 AVENUE,BAYSIDE,C9-WALK-UP,27,1948,20400,323952,15.88,1280000,63,0.5,4-06260-0001,202-02 42 AVENUE,BAYSIDE,C9-WALK-UP,27,1948,20400,377113,18.49,1490000,73,0.45
4-07353-7501,228-R2,202-02 ROCKY HILL ROAD,BAYSIDE,R2-WALK-UP,38,1950,26190,379755,14.5,1159994,44.3,4-12311-0050,156-01 NORTH CONDUIT AVEN,SPRINGFIELD GARDENS,C9-WALK-UP,46,1972,31365,520980,16.61,2060000,66,5.8,4-04291-0005,119-59 27 AVENUE,COLLEGE POINT,C1-WALK-UP,26,1965,21060,201544,9.57,575000,27.3,3.95
4-07674-7501,60-R1,67-27 CLOVERDALE BOULEVAR,OAKLAND GARDENS,R2-WALK-UP,179,1960,212533,3825594,18,14999983,71,4-07672-0002,224-01 69 AVENUE,OAKLAND GARDENS,C9-WALK-UP,224,1949,174200,3149536,18.08,12500000,72,0.15,4-07660-0002,224-65 64 AVENUE,OAKLAND GARDENS,C9-WALK-UP,177,1949,138500,2474995,17.87,9800000,71,0.2
4-08136-7502,189-R1,40-01 LITTLE NECK PARKWAY,LITTLE NECK,R9-CONDOPS,63,1987,61840,1020360,16.5,4040000,65,4-06277-0050,42-06 212 STREET,BAYSIDE,C9-WALK-UP,84,1951,61968,915164,14.77,3340000,54,1.95,4-07660-0002,224-65 64 AVENUE,OAKLAND GARDENS,C9-WALK-UP,177,1949,138500,2474995,17.87,9800000,71,1.85
4-09046-7501,212-R1,97-52 75 STREET,OZONE PARK,R2-WALK-UP,40,1988,31315,422752,13.5,1530000,48.9,4-09086-0033,84-23 103 AVENUE,OZONE PARK,C1-WALK-UP,18,2002,17021,190448,11.19,592000,34.8,0.5,4-09021-0030,95-25 85 STREET,OZONE PARK,C1-WALK-UP,11,1981,5610,81000,14.44,296000,53,0.5
4-09177-7501,184-R1,84-10 101 STREET,WOODHAVEN,R2-WALK-UP,15,1959,12208,128184,10.5,398002,32.6,4-09181-0026,101-16 86 AVENUE,WOODHAVEN,C1-WALK-UP,18,1938,15231,162823,10.69,506000,33.2,0.1,4-08877-0025,90-17 85 ROAD,WOODHAVEN,C1-WALK-UP,12,1942,11500,112400,9.77,321000,27.9,0.35
4-09177-7501,184-R3,84-10 101 STREET,WOODHAVEN,R2-WALK-UP,63,1959,53790,580932,10.8,1810003,33.6,4-09181-0026,101-16 86 AVENUE,WOODHAVEN,C1-WALK-UP,18,1938,15231,162823,10.69,506000,33.2,0.1,4-08877-0025,90-17 85 ROAD,WOODHAVEN,C1-WALK-UP,12,1942,11500,112400,9.77,321000,27.9,0.35
4-09231-7501,132-R1,83-09 LEFFERTS BOULEVARD,KEW GARDENS,R4-ELEVATOR,36,1928,40235,512996,12.75,1659994,41.3,4-09234-0034,84-47 118 STREET,KEW GARDENS,D1-ELEVATOR,41,1939,40700,435711,10.71,1350000,33.2,0.15,4-09260-0018,85-28 118 STREET,KEW GARDENS,D1-ELEVATOR,41,1931,38600,348160,9.02,898000,23.26,0.25
4-09245-7501,48-R1,84-62 AUSTIN STREET,KEW GARDENS,R2-WALK-UP,20,1982,16275,227850,14,832000,51,4-01606-0052,40-37 97 STREET,CORONA,C1-WALK-UP,16,1990,12304,215496,17.51,853000,69,3.6,4-04995-0024,144-22 34 AVENUE,FLUSHING-NORTH,C1-WALK-UP,14,1976,10032,134042,13.36,489000,48.7,4.2
4-09651-7501,215-R1,85-15 MAIN STREET,BRIARWOOD,R9-CONDOPS,223,1966,196355,3014049,15.35,12200000,62,4-09712-0161,142-02 84 DRIVE,BRIARWOOD,D1-ELEVATOR,90,1966,66924,1022431,15.28,4050000,61,0.2,4-09644-0001,86-25 VAN WYCK EXPRESSWAY,BRIARWOOD,D3-ELEVATOR,201,1960,167400,2560852,15.3,10100000,60,0.2
4-09668-7501,251-R1,135-08 82 AVENUE,BRIARWOOD,R4-ELEVATOR,20,1990,19000,266000,14,971006,51,4-09651-0061,84-48 MANTON STREET,BRIARWOOD,C7-WALK-UP,30,1928,21220,262679,12.38,906000,42.7,0.35,4-09712-0161,142-02 84 DRIVE,BRIARWOOD,D1-ELEVATOR,90,1966,66924,1022431,15.28,4050000,61,0.45
4-09736-7501,520-R1,143-41 84 DRIVE,BRIARWOOD,R4-ELEVATOR,53,2007,29969,779194,26,3380001,113,4-03169-0021,99-22 67 ROAD,REGO PARK,D3-ELEVATOR,29,2001,22662,584508,25.8,2540000,112,2.3,,,,,,,,,,,,
4-09832-7501,546-R1,175-24 89 AVENUE,JAMAICA,R4-ELEVATOR,12,2006,10431,271206,26,1179999,113,4-09760-0022,90-05 161 STREET,JAMAICA,D6-ELEVATOR,96,2003,54496,1451036,26.6,6300000,116,0.75,,,,,,,,,,,,
4-09937-7501,500-R1,178-36 WEXFORD TERRACE,JAMAICA ESTATES,R4-ELEVATOR,32,2006,32317,743291,23,3230002,100,4-09760-0022,90-05 161 STREET,JAMAICA,D6-ELEVATOR,96,2003,54496,1451036,26.6,6300000,116,0.95,4-03169-0021,99-22 67 ROAD,REGO PARK,D3-ELEVATOR,29,2001,22662,584508,25.8,2540000,112,3.75
4-09944-7501,208-R1,180-16 WEXFORD TERRACE,JAMAICA ESTATES,R4-ELEVATOR,24,1986,19448,311168,16,1230002,63,4-09937-0025,178-60 WEXFORD TERRACE,JAMAICA ESTATES,D1-ELEVATOR,73,1956,57186,893643,15.63,3540000,62,0.15,4-09884-0032,86-15 AVA PLACE,JAMAICA ESTATES,D1-ELEVATOR,53,1963,38208,726010,19,2870000,75,0.35
4-11417-7501,8-R1,85-09 151 AVENUE,HOWARD BEACH,R4-ELEVATOR,150,1966,202489,2936090,14.5,10700011,53,4-09833-0035,88-10 178 STREET,JAMAICA,D1-ELEVATOR,139,1963,113136,1584561,14.01,5780000,51,4.4,4-09950-0009,182-30 WEXFORD TERRACE,JAMAICA ESTATES,D1-ELEVATOR,218,1964,184896,2937230,15.89,11600000,63,4.8
4-11417-7502,12-R1,149-30 88 STREET,HOWARD BEACH,R4-ELEVATOR,150,1967,199444,2941799,14.75,10699997,54,4-09833-0035,88-10 178 STREET,JAMAICA,D1-ELEVATOR,139,1963,113136,1584561,14.01,5780000,51,4.4,4-09950-0009,182-30 WEXFORD TERRACE,JAMAICA ESTATES,D1-ELEVATOR,218,1964,184896,2937230,15.89,11600000,63,4.8
4-11431-7501,1-R1,84-39 153 AVENUE,HOWARD BEACH,R4-ELEVATOR,156,1965,198707,2980605,15,10899976,55,4-09833-0035,88-10 178 STREET,JAMAICA,D1-ELEVATOR,139,1963,113136,1584561,14.01,5780000,51,4.45,4-09950-0009,182-30 WEXFORD TERRACE,JAMAICA ESTATES,D1-ELEVATOR,218,1964,184896,2937230,15.89,11600000,63,4.85
4-11431-7502,2-R1,151-15 84 STREET,HOWARD BEACH,R4-ELEVATOR,163,1965,198687,2980305,15,10900000,55,4-09833-0035,88-10 178 STREET,JAMAICA,D1-ELEVATOR,139,1963,113136,1584561,14.01,5780000,51,4.45,4-09950-0009,182-30 WEXFORD TERRACE,JAMAICA ESTATES,D1-ELEVATOR,218,1964,184896,2937230,15.89,11600000,63,4.85
4-11440-7501,292-R1,78-10 153 AVENUE,HOWARD BEACH,R2-WALK-UP,95,1977,52400,720500,13.75,2630010,50,4-11545-0026,94-20 ALBERT ROAD,OZONE PARK,C1-WALK-UP,36,1967,20646,290747,14.08,1060000,51,0.85,4-15739-0001,29-03 BESSEMUND AVENUE,FAR ROCKAWAY,C9-WALK-UP,72,1960,55218,686246,12.43,2370000,42.9,6.4
4-11599-7501,495-R1,109-18 LEFFERTS BOULEVARD,SOUTH OZONE PARK,R2-WALK-UP,24,0,19200,264000,13.75,963996,50,4-11545-0026,94-20 ALBERT ROAD,OZONE PARK,C1-WALK-UP,36,1967,20646,290747,14.08,1060000,51,1.25,4-11599-0028,109-44 LEFFERTS BOULEVARD,SOUTH OZONE PARK,C1-WALK-UP,33,1925,24000,311585,12.98,1140000,47.5,0
4-15557-7501,179-R1,10-11 NAMEOKE STREET,FAR ROCKAWAY,R4-ELEVATOR,64,1961,73060,712335,9.75,2029994,27.8,4-15574-0020,13-34 CAFFREY AVENUE,FAR ROCKAWAY,D1-ELEVATOR,84,1963,83682,831097,9.93,2370000,28.3,0.2,4-15753-0072,23-11 CORNAGA AVENUE,FAR ROCKAWAY,D1-ELEVATOR,76,1964,78600,723325,9.2,2060000,26.2,0.45
4-15612-7501,570-R1,156 BEACH 9 STREET,FAR ROCKAWAY,R4-ELEVATOR,42,2007,51175,1125850,22,4889998,96,4-16151-0006,2-14 BEACH 96 STREET,HAMMELS,D1-ELEVATOR,72,2004,55628,1044726,18.78,4140000,74,4,4-09760-0022,90-05 161 STREET,JAMAICA,D6-ELEVATOR,96,2003,54496,1451036,26.6,6300000,116,8.1
4-16112-7501,524-R1,79-14 ROCKAWAY BEACH BOUL,HAMMELS,R4-ELEVATOR,86,2006,111775,2123725,19,8410014,75,4-16151-0006,2-14 BEACH 96 STREET,HAMMELS,D1-ELEVATOR,72,2004,55628,1044726,18.78,4140000,74,0.7,4-09760-0022,90-05 161 STREET,JAMAICA,D6-ELEVATOR,96,2003,54496,1451036,26.6,6300000,116,8
4-16113-7501,463-R1,2-21 BEACH 80 STREET,HAMMELS,R4-ELEVATOR,66,2005,93315,1866300,20,8100007,87,4-16151-0006,2-14 BEACH 96 STREET,HAMMELS,D1-ELEVATOR,72,2004,55628,1044726,18.78,4140000,74,0.65,4-16232-0045,122-20 OCEAN PROMENADE,ROCKAWAY PARK,D1-ELEVATOR,72,1932,64920,541946,8.35,1400000,21.57,2.05
4-16113-7502,462-R1,260 BEACH 81 STREET,HAMMELS,R4-ELEVATOR,78,2005,82862,1822964,22,7919947,96,4-16151-0006,2-14 BEACH 96 STREET,HAMMELS,D1-ELEVATOR,72,2004,55628,1044726,18.78,4140000,74,0.65,4-09760-0025,89-44 162 STREET,JAMAICA,D3-ELEVATOR,90,2003,97187,2526900,26,11000000,113,8
4-16137-7501,451-R1,138 BEACH 92 STREET,HAMMELS,R2-WALK-UP,20,2005,27560,496080,18,1960001,71,4-16151-0006,2-14 BEACH 96 STREET,HAMMELS,D1-ELEVATOR,72,2004,55628,1044726,18.78,4140000,74,0.25,,,,,,,,,,,,
4-16173-7501,494-R1,100-04 SHORE FRONT PARKWA,ROCKAWAY PARK,R2-WALK-UP,78,2007,98222,1767996,18,7000014,71,4-16151-0006,2-14 BEACH 96 STREET,HAMMELS,D1-ELEVATOR,72,2004,55628,1044726,18.78,4140000,74,0.3,4-00598-0018,26-39 30 STREET,ASTORIA,C1-WALK-UP,14,1999,10000,197425,19.74,857000,86,13.8
4-16226-7501,467-R1,136 BEACH 117 STREET,ROCKAWAY PARK,R4-ELEVATOR,93,2005,74400,1860000,25,8080005,109,4-16151-0006,2-14 BEACH 96 STREET,HAMMELS,D1-ELEVATOR,72,2004,55628,1044726,18.78,4140000,74,1.1,,,,,,,,,,,,
4-16233-7501,173-R1,123-10 OAK STREET,ROCKAWAY PARK,R9-CONDOPS,81,1986,82600,887950,10.75,2940000,35.6,4-16226-0074,180 BEACH 117 STREET,ROCKAWAY PARK,D1-ELEVATOR,61,1960,50347,489763,9.73,1400000,27.8,0.35,4-15625-0001,250 BEACH 15 STREET,FAR ROCKAWAY,D1-ELEVATOR,138,1981,100865,1155443,11.46,2700000,26.8,5.2
