STATEN ISLAND – COOPERATIVES COMPARABLE PROPERTIES – Boro-Block-Lot,STATEN ISLAND – COOPERATIVES COMPARABLE PROPERTIES – Address,STATEN ISLAND – COOPERATIVES COMPARABLE PROPERTIES – Neighborhood,STATEN ISLAND – COOPERATIVES COMPARABLE PROPERTIES – Building Classification,STATEN ISLAND – COOPERATIVES COMPARABLE PROPERTIES – Total Units,STATEN ISLAND – COOPERATIVES COMPARABLE PROPERTIES – Year Built,STATEN ISLAND – COOPERATIVES COMPARABLE PROPERTIES – Gross SqFt,STATEN ISLAND – COOPERATIVES COMPARABLE PROPERTIES – Estimated Gross Income,STATEN ISLAND – COOPERATIVES COMPARABLE PROPERTIES – Gross Income per SqFt,STATEN ISLAND – COOPERATIVES COMPARABLE PROPERTIES – Estimated Expense,STATEN ISLAND – COOPERATIVES COMPARABLE PROPERTIES – Expense per SqFt,STATEN ISLAND – COOPERATIVES COMPARABLE PROPERTIES – Net Operating Income,STATEN ISLAND – COOPERATIVES COMPARABLE PROPERTIES – Full Market Value,STATEN ISLAND – COOPERATIVES COMPARABLE PROPERTIES – Market Value per SqFt,COMPARABLE RENTAL – 1 – Boro-Block-Lot,COMPARABLE RENTAL – 1 – Address,COMPARABLE RENTAL – 1 – Neighborhood,COMPARABLE RENTAL – 1 – Building Classification,COMPARABLE RENTAL – 1 – Total Units,COMPARABLE RENTAL – 1 – Year Built,COMPARABLE RENTAL – 1 – Gross SqFt,COMPARABLE RENTAL – 1 – Estimated Gross Income,COMPARABLE RENTAL – 1 – Gross Income per SqFt,COMPARABLE RENTAL – 1 – Estimated Expense,COMPARABLE RENTAL – 1 – Expense per SqFt,COMPARABLE RENTAL – 1 – Net Operating Income,COMPARABLE RENTAL – 1 – Full Market Value,COMPARABLE RENTAL – 1 – Market Value per SqFt,COMPARABLE RENTAL – 1 – Distance from Coop in miles,COMPARABLE RENTAL – 2 – Boro-Block-Lot,COMPARABLE RENTAL – 2 – Address,COMPARABLE RENTAL – 2 – Neighborhood,COMPARABLE RENTAL – 2 – Building Classification,COMPARABLE RENTAL – 2 – Total Units,COMPARABLE RENTAL – 2 – Year Built,COMPARABLE RENTAL – 2 – Gross SqFt,COMPARABLE RENTAL – 2 – Estimated Gross Income,COMPARABLE RENTAL – 2 – Gross Income per SqFt,COMPARABLE RENTAL – 2 – Estimated Expense,COMPARABLE RENTAL – 2 – Expense per SqFt,COMPARABLE RENTAL – 2 – Net Operating Income,COMPARABLE RENTAL – 2 – Full Market Value,COMPARABLE RENTAL – 2 – Market Value per SqFt,COMPARABLE RENTAL – 2 – Distance from Coop in miles,COMPARABLE RENTAL – 3 – Boro-Block-Lot,COMPARABLE RENTAL – 3 – Address,COMPARABLE RENTAL – 3 – Neighborhood,COMPARABLE RENTAL – 3 – Building Classification,COMPARABLE RENTAL – 3 – Total Units,COMPARABLE RENTAL – 3 – Year Built,COMPARABLE RENTAL – 3 – Gross SqFt,COMPARABLE RENTAL – 3 – Estimated Gross Income,COMPARABLE RENTAL – 3 – Gross Income per SqFt,COMPARABLE RENTAL – 3 – Estimated Expense,COMPARABLE RENTAL – 3 – Expense per SqFt,COMPARABLE RENTAL – 3 – Net Operating Income,COMPARABLE RENTAL – 3 – Full Market Value,COMPARABLE RENTAL – 3 – Market Value per SqFt,COMPARABLE RENTAL – 3 – Distance from Coop in miles
5-00003-0001,"350 RICHMOND TERRACE
Staten Island, NY
(40.60667400010499, -74.16240100000613)",NEW BRIGHTON,D4-ELEVATOR,140,1960,145446,1719172,11.82,1058847,7.28,660325,4217000,28.99,5-00008-0025,"285 ST MARK'S PLACE
Staten Island, NY
(40.642838628174005, -74.07870444823592)",NEW BRIGHTON-ST. GEORGE,D1-ELEVATOR,91,1965,77000,1012863,13.15,585481,7.6,427382,2842000,36.91,0.54,5-00008-0019,"299 ST MARK'S PLACE
Staten Island, NY
(40.64256810524033, -74.0784962789628)",NEW BRIGHTON-ST. GEORGE,D1-ELEVATOR,70,1951,56724,594650,10.48,326161,5.75,268489,1668000,29.41,0.54,,, , , , , , , , , , , , , 
5-00001-0250,"36 BAY STREET LANDING
Staten Island, NY
(40.639048796344156, -74.07332939342955)",NEW BRIGHTON-ST. GEORGE,D4-ELEVATOR,17,1985,25171,223015,8.86,91119,3.62,131896,787000,31.27,5-00027-0006,"12 HENDRICKS AVENUE
Staten Island, NY
(40.640666534910004, -74.08163011352691)",NEW BRIGHTON,C1-WALK-UP,18,1931,14696,175624,11.95,83566,5.69,92058,587000,39.94,0.48,5-00524-0004,"110 CANAL STREET
Staten Island, NY
(40.62650641894812, -74.07714777541807)",STAPLETON,C7-WALK-UP,9,1931,8100,46665,5.76,16068,1.98,30597,373000,46.05,0.97,,, , , , , , , , , , , , , 
5-00001-0216,"10 BAY STREET LANDING
Staten Island, NY
(40.63818574879054, -74.07333765648139)",NEW BRIGHTON-ST. GEORGE,D0-ELEVATOR,128,1984,171935,1500703,8.73,677692,3.94,823011,4913000,28.57,5-00240-0003,"937 VICTORY BOULEVARD
Staten Island, NY
(40.62172277417215, -74.0971976529192)",CLOVE LAKES,D1-ELEVATOR,111,1965,107960,1500465,13.9,787479,7.29,712986,4697000,43.51,1.96,5-00590-0001,"700 VICTORY BOULEVARD
Staten Island, NY
(40.625670055825246, -74.09224343694464)",GRYMES HILL,D3-ELEVATOR,228,1962,242500,3298026,13.6,1836213,7.57,1461813,9668000,39.87,1.45,,, , , , , , , , , , , , , 
5-00010-0019,"36 HAMILTON AVENUE
Staten Island, NY
(40.60667400010499, -74.16240100000613)",NEW BRIGHTON-ST. GEORGE,D4-ELEVATOR,120,1963,75914,850996,11.21,485090,6.39,365906,2358000,31.06,5-00008-0025,"285 ST MARK'S PLACE
Staten Island, NY
(40.642838628174005, -74.07870444823592)",NEW BRIGHTON-ST. GEORGE,D1-ELEVATOR,91,1965,77000,1012863,13.15,585481,7.6,427382,2842000,36.91,0.12,5-00008-0019,"299 ST MARK'S PLACE
Staten Island, NY
(40.64256810524033, -74.0784962789628)",NEW BRIGHTON-ST. GEORGE,D1-ELEVATOR,70,1951,56724,594650,10.48,326161,5.75,268489,1668000,29.41,0.12,,, , , , , , , , , , , , , 
5-03546-0031,"35 VERA STREET
Staten Island, NY
(40.58481345841429, -74.0968439622444)",GRANT CITY,C6-WALK-UP,20,1969,10000,140600,14.06,70300,7.03,70300,202000,20.2,5-03343-0019,"194 SEAVIEW AVENUE
Staten Island, NY
(40.587994045841896, -74.0950912853339)",GRANT CITY,C1-WALK-UP,15,1975,10626,133127,12.53,68514,6.45,64613,433000,40.75,0.23,5-03591-0008,"261 LINCOLN AVENUE
Staten Island, NY
(40.576986694649065, -74.1046700516757)",GRANT CITY,C9-WALK-UP,16,1933,12300,176259,14.33,76629,6.23,99630,690000,56.1,0.6,5-03536-0115,"227 BUEL AVENUE
Staten Island, NY
(40.586020317386264, -74.09485058980252)",GRANT CITY,C1-WALK-UP,12,1974,"7,956","133,243",16.75,"67,905",8.54,"65,338","473,000",59.45,0.20
5-02833-0031,"20 CLIFF STREET
Staten Island, NY
(40.6111776502839, -74.0606066595655)",ARROCHAR-SHORE ACRES,D4-ELEVATOR,122,1964,146640,889200,6.06,366560,2.5,522640,3109000,21.2,5-02867-0266,"220 OSGOOD AVENUE
Staten Island, NY
(40.61620139437309, -74.07912769563913)",STAPLETON-CLIFTON,D1-ELEVATOR,84,1973,76206,1165001,15.29,776840,10.19,388161,2475000,32.48,1.04,5-02877-0025,"55 BOWEN STREET
Staten Island, NY
(40.614664489608586, -74.0830542384052)",CONCORD-FOX HILLS,D1-ELEVATOR,156,1973,154860,2466552,15.93,1638769,10.58,827783,5566000,35.94,1.31,5-02894-0001,"231 STEUBEN STREET
Staten Island, NY
(40.60835360315902, -74.08224330439153)",CONCORD,D1-ELEVATOR,98,1972,"98,700","1,488,344",15.08,"608,445",6.16,"879,899","3,300,000",33.43,1.22
5-00018-0099,"50 FORT PLACE
Staten Island, NY
(40.6417358169915, -74.08014505796426)",NEW BRIGHTON,D4-ELEVATOR,109,1963,150800,1277276,8.47,624312,4.14,652964,3906000,25.9,5-00008-0019,"299 ST MARK'S PLACE
Staten Island, NY
(40.64256810524033, -74.0784962789628)",NEW BRIGHTON-ST. GEORGE,D1-ELEVATOR,70,1951,56724,594650,10.48,326161,5.75,268489,1668000,29.41,0.26,5-00008-0034,"273 ST MARK'S PLACE
Staten Island, NY
(40.64306907816211, -74.07888428240462)",NEW BRIGHTON-ST. GEORGE,D1-ELEVATOR,25,1912,24120,155568,6.45,50161,2.08,105407,627000,26,0.26,,, , , , , , , , , , , , , 
5-05229-0007,"475 ARMSTRONG AVENUE
Staten Island, NY
(40.544976260737215, -74.15778947352781)",GREAT KILLS,C6-WALK-UP,60,1974,38647,341781,8.84,156984,4.06,184797,1102000,28.51,5-05487-0069,"300 CORTELYOU AVENUE
Staten Island, NY
(40.55199494205611, -74.16279630187582)",GREAT KILLS,C9-WALK-UP,24,1972,13824,153070,11.07,78646,5.69,74424,414000,29.95,0.56,5-05016-0005,"25 BAY TERRACE
Staten Island, NY
(40.60667400010499, -74.16240100000613)",GREAT KILLS-BAY TERRACE,C9-WALK-UP,65,1976,43018,727195,16.9,431213,10.02,295982,2140000,49.75,1.38,5-04657-0021,"1881 RAILROAD AVENU
Staten Island, NY
(40.56411329480855, -74.12797935256124)",OAKWOOD,C9-WALK-UP,12,1974,"9,100","126,916",13.95,"55,749",6.13,"71,167","344,000",37.80,1.98
5-00131-0056,"255 FOREST AVENUE
Staten Island, NY
(40.63174299038349, -74.09807881413032)",WEST NEW BRIGHTON,C6-WALK-UP,13,1968,9810,152644,15.56,85445,8.71,67199,371000,37.82,5-00128-0018,"177 SILVER LAKE ROAD
Staten Island, NY
(40.63281605162412, -74.09666706986992)",WEST NEW BRIGHTON,C1-WALK-UP,16,1931,13386,136161,10.17,68126,5.09,68035,350000,26.15,0.13,5-00145-0001,"81 MADA AVENUE
Staten Island, NY
(40.63246697880214, -74.10727165470709)",WEST NEW BRIGHTON,C1-WALK-UP,12,1977,5760,89626,15.56,38321,6.65,51305,351000,60.94,0.42,5-00236-0027,"832 POST AVENUE
Staten Island, NY
(40.60667400010499, -74.16240100000613)",WEST NEW BRIGHTON,C1-WALK-UP,12,1931,"8,720","164,738",18.89,"87,503",10.03,"77,235","511,000",58.60,1.56
5-02986-0012,"390 MARYLAND AVENUE
Staten Island, NY
(40.609357387836525, -74.07361237773283)",ROSEBANK,C6-WALK-UP,178,1974,155396,1007702,6.48,552462,3.56,455240,2708000,17.43,5-03030-0082,"101 DONLEY AVENUE
Staten Island, NY
(40.60758555883734, -74.07586069891967)",ROSEBANK,C9-WALK-UP,16,1974,10000,162360,16.24,87885,8.79,74475,465000,46.5,0.08,5-03023-0028,"30 NARROWS ROAD
Staten Island, NY
(40.60399001818633, -74.0702686345125)",ROSEBANK,C7-WALK-UP,14,1974,8950,153955,17.2,79425,8.87,74530,516000,57.65,0.4,5-02869-0165,"10 PARK HILL AVENUE
Staten Island, NY
(40.61902922996027, -74.07745487663006)",STAPLETON-CLIFTON,C9-WALK-UP,70,1950,"36,671","545,795",14.88,"272,197",7.42,"273,598","1,886,000",51.43,0.73
5-00101-0554,"581 CASTLETON AVENUE
Staten Island, NY
(40.63458257193235, -74.10193621838208)",WEST NEW BRIGHTON,C6-WALK-UP,12,1950,10856,81637,7.52,30288,2.79,51349,234000,21.55,5-00128-0018,"177 SILVER LAKE ROAD
Staten Island, NY
(40.63281605162412, -74.09666706986992)",WEST NEW BRIGHTON,C1-WALK-UP,16,1931,13386,136161,10.17,68126,5.09,68035,350000,26.15,0.25,5-00145-0001,"81 MADA AVENUE
Staten Island, NY
(40.63246697880214, -74.10727165470709)",WEST NEW BRIGHTON,C1-WALK-UP,12,1977,5760,89626,15.56,38321,6.65,51305,351000,60.94,0.35,,, , , , , , , , , , , , , 
5-00593-0680,"151 ARLO ROAD
Staten Island, NY
(40.619607564842234, -74.0947917040224)",GRYMES HILL,C6-WALK-UP,24,1951,28600,489060,17.1,273416,9.56,215644,1111000,38.85,5-00593-0590,"22 ARLO ROAD
Staten Island, NY
(40.61966440829499, -74.09095421519612)",GRYMES HILL,C9-WALK-UP,165,1951,126836,2169019,17.1,1212664,9.56,956355,6913000,54.5,0,5-00595-0015,"22 HOWARD AVENUE
Staten Island, NY
(40.630032220918274, -74.08722074587396)",GRYMES HILL,C9-WALK-UP,251,1951,198384,3299545,16.63,1844705,9.3,1454840,10529000,53.07,0.19,,, , , , , , , , , , , , , 
5-00101-0537,"545 CASTLETON AVENUE
Staten Island, NY
(40.63436210493948, -74.10065732208393)",WEST NEW BRIGHTON,C6-WALK-UP,24,1950,17418,224692,12.9,121578,6.98,103114,643000,36.92,5-00128-0018,"177 SILVER LAKE ROAD
Staten Island, NY
(40.63281605162412, -74.09666706986992)",WEST NEW BRIGHTON,C1-WALK-UP,16,1931,13386,136161,10.17,68126,5.09,68035,350000,26.15,0.25,5-00238-0046,"317 JEWETT AVENUE
Staten Island, NY
(40.62930426864474, -74.13032033566365)",WEST NEW BRIGHTON,C1-WALK-UP,42,1971,25470,398060,15.63,225724,8.86,172336,1180000,46.33,1.55,,, , , , , , , , , , , , , 
5-02925-0450,"295 SKYLINE DRIVE
Staten Island, NY
(40.6130095652697, -74.0789169248592)",CONCORD-FOX HILLS,C6-WALK-UP,11,2000,21865,307422,14.06,153711,7.03,153711,763000,34.9,5-02869-0001,"30 PARK HILL COURT
Staten Island, NY
(40.61912555945362, -74.077146125129)",STAPLETON-CLIFTON,C9-WALK-UP,36,1950,21187,311883,14.72,161780,7.64,150103,1036000,48.9,0.38,5-02829-0094,"59 HYLAN BOULEVARD
Staten Island, NY
(40.614736896822336, -74.06491985785209)",ROSEBANK,C1-WALK-UP,18,2002,19400,289307,14.91,153340,7.9,135967,874000,45.05,0.8,,, , , , , , , , , , , , , 
5-00101-0525,"515 CASTLETON AVENUE
Staten Island, NY
(40.63421242828656, -74.09983557856941)",WEST NEW BRIGHTON,C6-WALK-UP,16,1950,13114,118944,9.07,44588,3.4,74356,264000,20.13,5-00064-0003,"155 PROSPECT AVENUE
Staten Island, NY
(40.639522390599375, -74.09274165437026)",NEW BRIGHTON,C1-WALK-UP,30,1930,25660,317456,12.37,189368,7.38,128088,647000,25.21,0.59,5-00524-0004,"110 CANAL STREET
Staten Island, NY
(40.62650641894812, -74.07714777541807)",STAPLETON,C7-WALK-UP,9,1931,8100,46665,5.76,16068,1.98,30597,373000,46.05,1.41,,, , , , , , , , , , , , , 
5-05090-0035,"3482 AMBOY ROAD
Staten Island, NY
(40.556922389090666, -74.13883201993653)",GREAT KILLS-BAY TERRACE,C6-WALK-UP,108,1977,67000,694004,10.36,309739,4.62,384265,2391000,35.69,5-05016-0005,"25 BAY TERRACE
Staten Island, NY
(40.60667400010499, -74.16240100000613)",GREAT KILLS-BAY TERRACE,C9-WALK-UP,65,1976,43018,727195,16.9,431213,10.02,295982,2140000,49.75,0.16,5-04657-0021,"1881 RAILROAD AVENU
Staten Island, NY
(40.56411329480855, -74.12797935256124)",OAKWOOD,C9-WALK-UP,12,1974,9100,126916,13.95,55749,6.13,71167,344000,37.8,0.77,5-04655-0070,"25 WINDEMERE AVENUE
Staten Island, NY
(40.56428918471982, -74.12909478391518)",OAKWOOD,C9-WALK-UP,16,1963,"10,000","130,700",13.07,"67,200",6.72,"63,500","423,000",42.30,0.84
5-02925-0479,"46 CIRCLE LOOP
Staten Island, NY
(40.613540506446355, -74.0792470743342)",CONCORD-FOX HILLS,C6-WALK-UP,19,2000,37220,523313,14.06,261657,7.03,261656,1299000,34.9,5-02869-0001,"30 PARK HILL COURT
Staten Island, NY
(40.61912555945362, -74.077146125129)",STAPLETON-CLIFTON,C9-WALK-UP,36,1950,21187,311883,14.72,161780,7.64,150103,1036000,48.9,0.38,5-02829-0094,"59 HYLAN BOULEVARD
Staten Island, NY
(40.614736896822336, -74.06491985785209)",ROSEBANK,C1-WALK-UP,18,2002,19400,289307,14.91,153340,7.9,135967,874000,45.05,0.8,,, , , , , , , , , , , , , 
5-00597-0120,"556 HOWARD AVENUE
Staten Island, NY
(40.61860692966038, -74.09378346522982)",GRYMES HILL,C6-WALK-UP,128,1951,121750,1008090,8.28,172885,1.42,835205,4915000,40.37,5-00593-0590,"22 ARLO ROAD
Staten Island, NY
(40.61966440829499, -74.09095421519612)",GRYMES HILL,C9-WALK-UP,165,1951,126836,2169019,17.1,1212664,9.56,956355,6913000,54.5,0.3,5-00595-0015,"22 HOWARD AVENUE
Staten Island, NY
(40.630032220918274, -74.08722074587396)",GRYMES HILL,C9-WALK-UP,251,1951,198384,3299545,16.63,1844705,9.3,1454840,10529000,53.07,0.2,,, , , , , , , , , , , , , 
5-00327-0015,"1000 CLOVE ROAD
Staten Island, NY
(40.62062459750375, -74.11004923122906)",CLOVE LAKES,D4-ELEVATOR,143,1966,127800,1395576,10.92,752742,5.89,642834,3978000,31.13,5-03034-0022,"600 HYLAN BOULEVARD
Staten Island, NY
(40.605386778302616, -74.07617734418196)",ROSEBANK,D1-ELEVATOR,136,1966,144000,1572878,10.92,966234,6.71,606644,3754000,26.07,2.06,,, , ,,,,,,,,,,,,,, , , , , , , , , , , , , 
5-00130-0049,"245 FOREST AVENUE
Staten Island, NY
(40.6318297457294, -74.09779985702198)",WEST NEW BRIGHTON,C6-WALK-UP,13,1968,9810,142539,14.53,74164,7.56,68375,426000,43.43,5-00128-0018,"177 SILVER LAKE ROAD
Staten Island, NY
(40.63281605162412, -74.09666706986992)",WEST NEW BRIGHTON,C1-WALK-UP,16,1931,13386,136161,10.17,68126,5.09,68035,350000,26.15,0.08,5-00236-0027,"832 POST AVENUE
Staten Island, NY
(40.60667400010499, -74.16240100000613)",WEST NEW BRIGHTON,C1-WALK-UP,12,1931,8720,164738,18.89,87503,10.03,77235,511000,58.6,1.61,,, , , , , , , , , , , , , 
5-03546-0001,"45 VERA STREET
Staten Island, NY
(40.5846655199337, -74.09703416886231)",GRANT CITY,C6-WALK-UP,118,1969,58350,820401,14.06,410201,7.03,410200,1177000,20.17,5-03591-0008,"261 LINCOLN AVENUE
Staten Island, NY
(40.576986694649065, -74.1046700516757)",GRANT CITY,C9-WALK-UP,16,1933,12300,176259,14.33,76629,6.23,99630,690000,56.1,0.6,5-03536-0115,"227 BUEL AVENUE
Staten Island, NY
(40.586020317386264, -74.09485058980252)",GRANT CITY,C1-WALK-UP,12,1974,7956,133243,16.75,67905,8.54,65338,473000,59.45,0.2,5-03343-0190,, , , , , , , , , , , , , 
5-04640-0022,"3745 AMBOY ROAD
Staten Island, NY
(40.55211483039692, -74.14412187507199)",GREAT KILLS,C6-WALK-UP,36,1974,26490,219867,8.3,92980,3.51,126887,747000,28.2,5-03591-0008,"261 LINCOLN AVENUE
Staten Island, NY
(40.576986694649065, -74.1046700516757)",GRANT CITY,C9-WALK-UP,16,1933,12300,176259,14.33,76629,6.23,99630,690000,56.1,2.7,5-01148-0036,"475 MORNINGSTAR ROAD
Staten Island, NY
(40.62679479666683, -74.14831438325368)",MARINERS HARBOR,C1-WALK-UP,12,1931,7000,102620,14.66,52080,7.44,50540,349000,49.86,5.08,,, , , , , , , , , , , , , 
5-03191-0061,"1160 RICHMOND ROAD
Staten Island, NY
(40.60667400010499, -74.16240100000613)",DONGAN HILLS,D4-ELEVATOR,71,1969,63600,776556,12.21,361884,5.69,414672,1980000,31.13,5-03034-0022,"600 HYLAN BOULEVARD
Staten Island, NY
(40.605386778302616, -74.07617734418196)",ROSEBANK,D1-ELEVATOR,136,1966,144000,1572878,10.92,966234,6.71,606644,3754000,26.07,1,5-00590-0001,"700 VICTORY BOULEVARD
Staten Island, NY
(40.625670055825246, -74.09224343694464)",GRYMES HILL,D3-ELEVATOR,228,1962,242500,3298026,13.6,1836213,7.57,1461813,9668000,39.87,1.91,5-00589-0044,"630 VICTORY BOULEVARD
Staten Island, NY
(40.62705846267096, -74.0911813360607)",GRYMES HILL,D1-ELEVATOR,60,1940,"72,600","886,528",12.21,"482,342",6.64,"404,186","2,566,000",35.34,2.09
5-00138-0119,"154 BARD AVENUE
Staten Island, NY
(40.64077829151043, -74.10872773579793)",LIVINGSTON,C6-WALK-UP,60,1947,36600,476532,13.02,249978,6.83,226554,1869000,51.07,5-00064-0003,"155 PROSPECT AVENUE
Staten Island, NY
(40.639522390599375, -74.09274165437026)",NEW BRIGHTON,C1-WALK-UP,30,1930,25660,317456,12.37,189368,7.38,128088,647000,25.21,0.83,5-01015-0001,"137 HEBERTON AVENUE
Staten Island, NY
(40.63677941950782, -74.13131334974379)",PORT RICHMOND,C1-WALK-UP,28,1933,20800,323648,15.56,181168,8.71,142480,976000,46.92,1.19,,, , , , , , , , , , , , , 
5-00327-0060,"1100 CLOVE ROAD
Staten Island, NY
(40.619132257145964, -74.10660292523818)",CLOVE LAKES,D4-ELEVATOR,143,1967,127800,1395576,10.92,752742,5.89,642834,3978000,31.13,5-03034-0022,"600 HYLAN BOULEVARD
Staten Island, NY
(40.605386778302616, -74.07617734418196)",ROSEBANK,D1-ELEVATOR,136,1966,144000,1572878,10.92,966234,6.71,606644,3754000,26.07,2.06,,, , ,,,,,,,,,,,,,, , , , , , , , , , , , , 
5-02925-0432,"361 SKYLINE DRIVE
Staten Island, NY
(40.612546177166195, -74.0800538318982)",CONCORD-FOX HILLS,C6-WALK-UP,11,1999,21780,306227,14.06,153113,7.03,153114,760000,34.89,5-02869-0001,"30 PARK HILL COURT
Staten Island, NY
(40.61912555945362, -74.077146125129)",STAPLETON-CLIFTON,C9-WALK-UP,36,1950,21187,311883,14.72,161780,7.64,150103,1036000,48.9,0.38,5-02829-0094,"59 HYLAN BOULEVARD
Staten Island, NY
(40.614736896822336, -74.06491985785209)",ROSEBANK,C1-WALK-UP,18,2002,19400,289307,14.91,153340,7.9,135967,874000,45.05,0.8,,, , , , , , , , , , , , , 
